X,Y,Slope_UTM,TWI_UTM,Flowlog_UT,RiverDist_,RiverDC_UT,DEMC_UTM,population_density,road_density,latitude,longitude,lat,lon
561187.960726599,2076027.37264633,0.0,0.0,0.0,371.19952,0.72799,4.0,0.0,0.00151,18.774960180526886,105.58057494055967,18.774960180526886,105.58057494055967
561203.01275934,2076395.82746097,0.0,0.0,0.0,159.27946,6.12755,5.0,0.0,0.00207,18.778289623632425,105.58072916025515,18.778289623632425,105.58072916025515
561206.900615345,2076355.94920382,1.61394,6.81846,0.0,167.47118,5.57472,4.0,0.0,0.00221,18.777929111846564,105.58076481441553,18.777929111846564,105.58076481441553
561228.512428745,2077515.75635262,0.0,0.0,0.0,21.57553,21.79172,4.0,0.0,0.00119,18.788410149510415,105.58100580341369,18.788410149510415,105.58100580341369
561237.526407089,2076505.20131971,0.0,0.0,0.0,76.28103,8.35527,6.0,0.0,0.00196,18.779277064580427,105.58106002109324,18.779277064580427,105.58106002109324
561247.653873969,2076189.53289666,1.80766,5.18275,0.30142,206.09999,3.22073,6.0,0.0,0.00256,18.77642393314521,105.58114633369195,18.77642393314521,105.58114633369195
561251.12424222,2076545.66983406,0.0,0.0,0.0,58.0939,9.01725,3.0,0.0,0.00208,18.779642394786066,105.58119029489042,18.779642394786066,105.58119029489042
561255.589446305,2076062.55158496,1.64061,5.28118,0.32224,309.10291,1.35495,7.0,0.0,0.00297,18.775276113506973,105.58121769331262,18.775276113506973,105.58121769331262
561299.456447005,2077542.84765278,2.15396,6.0902,0.0,34.11391,22.47216,4.0,0.0,0.00195,18.788652889775168,105.5816798159273,18.788652889775168,105.5816798159273
561324.694398089,2076650.8957701,0.0,0.0,0.0,21.57553,10.20225,4.0,0.0,0.0023,18.780591194304023,105.58189161402241,18.780591194304023,105.58189161402241
561334.792345014,2076475.22507516,1.78331,5.44987,0.30122,0.0,8.39286,6.0,0.0,0.00295,18.77900328410961,105.58198197601398,18.77900328410961,105.58198197601398
561335.492821085,2075978.73533557,1.38065,5.1881,0.30142,361.83267,0.68786,8.0,0.0,0.00347,18.774516270217173,105.58197321991338,18.774516270217173,105.58197321991338
561346.549988864,2076088.42330629,2.5119,5.07492,0.29345,243.3831,1.89422,7.0,0.0,0.00384,18.775507241451525,105.58208153333786,18.775507241451525,105.58208153333786
561359.071327686,2075936.67957632,3.50009,6.85396,0.50077,390.74954,0.39233,6.0,0.0,0.00368,18.77413549722383,105.58219562774934,18.77413549722383,105.58219562774934
561362.504454984,2076350.08971982,1.79655,13.11514,2.38642,30.51241,6.26078,1.0,0.0,0.00396,18.77787156272024,105.58224103126291,18.77787156272024,105.58224103126291
561366.640711141,2076230.8104648,2.04931,8.57657,0.63407,102.34174,4.12777,4.0,0.00878,0.00419,18.776793462175483,105.5822765744641,18.776793462175483,105.5822765744641
561367.527262887,2076620.63821429,0.0,0.0,0.0,64.7266,9.78921,5.0,0.0,0.00227,18.78031647760335,105.5822970873268,18.78031647760335,105.5822970873268
561377.020092922,2076207.0573857,2.38485,4.93104,0.28744,120.61089,3.73643,7.0,0.00922,0.00449,18.776578488424583,105.58237431795524,18.776578488424583,105.58237431795524
561379.6868995,2076716.68212043,0.0,0.0,0.0,86.30213,9.96753,3.0,0.0,0.00263,18.78118410801565,105.58241544429941,18.78118410801565,105.58241544429941
561383.865857085,2076072.41951879,2.57671,6.59004,0.31627,259.80383,1.75248,6.0,0.00503,0.00411,18.775361505169883,105.58243509143657,18.775361505169883,105.58243509143657
561387.263594861,2076514.6233506,2.52937,9.97187,1.03428,53.93883,8.63379,4.0,0.0,0.00324,18.779357791978057,105.58248105972459,18.779357791978057,105.58248105972459
561404.882955661,2076253.04335799,1.58431,6.20577,0.30081,75.51437,4.4086,5.0,0.06319,0.00485,18.776993259503016,105.58264011214604,18.776993259503016,105.58264011214604
561412.990790708,2076786.25406277,0.0,0.0,0.0,126.26756,9.31078,2.0,0.0,0.00271,18.781811874119807,105.58273360561506,18.781811874119807,105.58273360561506
561414.890835247,2077411.24615821,3.37091,5.06034,0.31458,118.66543,19.22015,5.0,0.0,0.00312,18.787460137080505,105.58277105762495,18.787460137080505,105.58277105762495
561444.736569797,2076829.31214507,0.0,0.0,0.0,161.8165,8.36614,3.0,0.0,0.00282,18.782200068645096,105.58303616100599,18.782200068645096,105.58303616100599
561455.61312359,2075897.19751202,1.83265,6.60734,0.0,434.86874,0.21311,6.0,0.12849,0.00424,18.77377582501733,105.58311038690877,18.77377582501733,105.58311038690877
561458.122001701,2075925.75223874,2.32128,5.64542,0.34377,402.77536,0.3082,7.0,0.19224,0.00434,18.774033812228666,105.5831350784823,18.774033812228666,105.5831350784823
561460.662019789,2077433.02306996,2.98452,5.85819,0.30493,97.0899,17.84469,5.0,0.0,0.00363,18.787655588634365,105.58320604502472,18.787655588634365,105.58320604502472
561488.593315447,2076783.50939487,2.20457,6.91705,0.58186,198.91658,7.35572,5.0,0.0,0.00285,18.78178483056141,105.58345086754206,18.78178483056141,105.58345086754206
561492.529175178,2076153.28350742,0.94304,8.34429,0.79371,192.97743,2.39949,6.0,0.72518,0.00623,18.77608909199636,105.58346860858182,18.77608909199636,105.58346860858182
561493.109158262,2076630.60680129,1.23094,9.50443,0.99053,183.39203,7.632,5.0,0.0,0.0038,18.78040285068023,105.58348895875186,18.78040285068023,105.58348895875186
561496.399143138,2076759.79178574,1.37285,7.52604,0.49417,206.09999,7.18387,6.0,0.0,0.00325,18.78157025309782,105.58352419443314,18.78157025309782,105.58352419443314
561507.064843586,2077386.56488205,1.43237,9.27513,1.19283,150.25621,14.00634,3.0,0.0,0.0035,18.78723435110858,105.58364490267111,18.78723435110858,105.58364490267111
561507.693323528,2076937.34118881,0.0,0.0,0.0,237.5759,5.81183,4.0,0.0,0.00294,18.783174507921714,105.58363688348089,18.783174507921714,105.58363688348089
561510.277363905,2075844.60725984,1.58645,9.42378,0.0,497.29144,0.04128,5.0,0.06811,0.00428,18.773298925186598,105.58362740290565,18.773298925186598,105.58362740290565
561514.98874506,2076652.55415055,1.47708,9.56509,0.85463,204.96756,7.09141,5.0,0.0,0.00348,18.78060054982653,105.58369724238892,18.78060054982653,105.58369724238892
561525.041765626,2076359.32262651,2.56015,11.65836,1.98341,120.61089,4.81231,2.0,0.34149,0.00634,18.77795019286962,105.58378350246146,18.77795019286962,105.58378350246146
561534.143049702,2076693.65620148,1.1927,6.43199,0.35178,230.6161,6.42015,6.0,0.0,0.00354,18.780971438748576,105.58388026439927,18.780971438748576,105.58388026439927
561536.379114436,2076661.90499749,1.10654,6.02092,0.31495,226.7998,6.47086,6.0,0.0,0.00376,18.780684423260592,105.58390049249326,18.780684423260592,105.58390049249326
561540.342177897,2076211.0904875,1.07012,9.30635,1.06829,183.70905,2.76391,5.0,0.87398,0.00672,18.776610101658736,105.58392406157928,18.776610101658736,105.58392406157928
561548.663425382,2076922.18518721,1.73844,11.06548,0.0,269.69415,4.47583,3.0,0.0,0.00297,18.78303632182908,105.58402515544131,18.78303632182908,105.58402515544131
561551.679557626,2077065.22455442,1.67145,6.84379,0.0,296.22192,4.06415,5.0,0.0,0.00325,18.78432893974851,105.58405822896123,18.78432893974851,105.58405822896123
561551.680811583,2076004.75480677,0.77576,9.48703,0.82649,357.13864,0.56051,6.0,0.8262,0.00559,18.774745020861722,105.58402522061498,18.774745020861722,105.58402522061498
561552.935718593,2076103.49581645,0.9196,5.67396,0.30391,272.2709,1.45569,8.0,1.2633,0.00645,18.77563734882124,105.58404020093677,18.77563734882124,105.58404020093677
561557.990833199,2077253.49421928,0.0,0.0,0.0,286.63806,7.24931,3.0,0.0,0.00341,18.786030224974027,105.5841239786865,18.786030224974027,105.5841239786865
561558.995945871,2076778.05218745,0.32505,5.69338,0.30393,262.47769,5.3826,7.0,0.0,0.00366,18.781733424143273,105.58411870600023,18.781733424143273,105.58411870600023
561560.789668216,2076290.63556986,0.61943,8.53487,0.98591,167.47118,3.37698,5.0,0.70408,0.00722,18.777328378474035,105.5841205464379,18.777328378474035,105.5841205464379
561565.39196973,2076855.47342901,2.3726,5.21777,0.33928,282.34286,4.58216,6.0,0.0,0.00334,18.782432923072953,105.58418180563945,18.782432923072953,105.58418180563945
561571.170215151,2075816.68244986,1.32398,6.03215,0.32297,545.82263,0.00122,7.0,0.09365,0.00436,18.77304475158063,105.58420428036514,18.77304475158063,105.58420428036514
561574.867955186,2076474.40513583,1.22997,6.86084,0.3865,211.94598,4.8096,4.0,0.03804,0.0062,18.77898876526301,105.58425984711596,18.77898876526301,105.58425984711596
561584.047493689,2076963.93619308,1.18187,10.63233,0.0,315.80716,3.30267,4.0,0.0,0.003,18.783412593487583,105.5843621971473,18.783412593487583,105.5843621971473
561587.590667295,2077578.72360651,0.95838,8.29189,0.97156,15.25621,16.91095,4.0,0.0,0.00508,18.788968580911607,105.58441497860014,18.788968580911607,105.58441497860014
561588.806509532,2076392.45924592,2.28648,5.44244,0.27223,191.15971,3.95803,6.0,0.38997,0.0073,18.778247771590422,105.58438954655178,18.778247771590422,105.58438954655178
561591.238860157,2076200.29578499,0.63056,8.94018,1.12297,224.47888,2.16587,6.0,1.4513,0.00733,18.776511035709447,105.58440663869168,18.776511035709447,105.58440663869168
561591.324902318,2077422.43536723,3.36112,12.27309,1.67557,143.92676,11.26648,3.0,0.0,0.00425,18.787556027765973,105.58444553979739,18.787556027765973,105.58444553979739
561592.943553297,2077484.62612738,1.2563,7.27261,0.66031,86.97375,13.08019,4.0,0.0,0.00453,18.788118023674546,105.58446283749959,18.788118023674546,105.58446283749959
561594.512630065,2077323.21644196,1.917,6.40417,0.42447,238.79739,7.44203,4.0,0.0,0.00364,18.786659250033196,105.58447269422052,18.786659250033196,105.58447269422052
561597.195828815,2075765.8212138,0.0,0.0,0.0,593.62134,0.0,6.0,0.00081,0.00397,18.7725843245471,105.58444962490057,18.7725843245471,105.58444962490057
561600.474396596,2077241.2821643,1.33409,9.17961,0.80758,321.83002,4.93459,3.0,0.0,0.00339,18.785918598491254,105.58452670914623,18.785918598491254,105.58452670914623
561603.576285222,2077461.99326298,1.2563,7.27261,0.66031,111.06686,11.76134,4.0,0.0,0.00453,18.78791316526241,105.58456302318737,18.78791316526241,105.58456302318737
561605.701891352,2077911.34745099,0.0,0.0,0.0,21.57553,24.31176,2.0,0.03896,0.00516,18.791974103280587,105.58459720570849,18.791974103280587,105.58459720570849
561618.815693069,2076301.53716617,1.87128,5.81795,0.27971,218.16908,2.64952,6.0,1.11165,0.00794,18.77742517910078,105.58467144589784,18.77742517910078,105.58467144589784
561625.389251203,2076701.3087664,0.98288,6.93967,0.39381,326.49704,3.36187,5.0,0.0,0.00441,18.781037890610598,105.58474627934616,18.781037890610598,105.58474627934616
561627.309707656,2076588.2726476,1.28066,9.59832,1.02297,308.91464,3.6633,4.0,0.0,0.00571,18.780016278049942,105.5847609771321,18.780016278049942,105.5847609771321
561635.661153939,2078002.10160663,1.43454,5.68147,0.30952,92.17072,24.80749,4.0,0.03452,0.00527,18.79279339601059,105.58488432026407,18.79279339601059,105.58488432026407
561636.417105607,2076138.56199933,0.83338,10.42774,1.31764,306.64594,1.08259,6.0,2.07736,0.00721,18.775951779946336,105.58483337015328,18.775951779946336,105.58483337015328
561639.01165682,2076818.19103371,2.29687,10.05622,0.97468,353.3714,2.44923,4.0,0.0,0.0041,18.78209380070895,105.58487917864471,18.78209380070895,105.58487917864471
561642.623875828,2077448.14684553,3.82087,9.42869,1.1976,138.15082,9.47811,4.0,0.0,0.00469,18.78778686942901,105.58493310373605,18.78778686942901,105.58493310373605
561651.603189517,2076499.23035417,1.40091,11.2998,1.68055,293.45898,3.06071,3.0,0.00529,0.00739,18.77921084334971,105.58498870393589,18.77921084334971,105.58498870393589
561659.513107637,2077474.01941368,2.09173,11.23466,1.76557,137.30585,9.62709,3.0,0.0,0.00496,18.788020188700838,105.58509416863133,18.788020188700838,105.58509416863133
561660.256758999,2076141.46683985,1.08834,9.31235,0.95053,317.27774,0.91114,6.0,2.07736,0.00741,18.77597732424037,105.58505965311588,18.77597732424037,105.58505965311588
561662.974892307,2075746.14419806,0.0,0.0,0.0,637.48309,0.0,6.0,0.00924,0.00423,18.7724045422615,105.58507311556319,18.7724045422615,105.58507311556319
561666.769750688,2077315.86199438,2.88697,9.70272,1.18813,270.55582,4.40303,3.0,0.0,0.00394,18.786590638195207,105.58515808885747,18.786590638195207,105.58515808885747
561668.755979036,2077043.2096307,0.64863,9.8303,0.0,411.21063,0.88635,4.0,0.0,0.00334,18.784126505116163,105.58516842656749,18.784126505116163,105.58516842656749
561674.294408906,2075930.52514816,1.73411,6.57067,0.39601,481.71939,0.05505,7.0,0.78125,0.00584,18.774070536366242,105.5851862640015,18.774070536366242,105.5851862640015
561674.67028356,2076288.58314794,2.36677,8.26384,0.64458,273.12442,1.7579,5.0,1.53852,0.00833,18.77730644920786,105.58520099883636,18.77730644920786,105.58520099883636
561676.134335091,2077181.10069884,0.72528,5.78953,0.28627,395.78021,1.55099,6.0,0.0,0.00354,18.785372465423112,105.58524273998455,18.785372465423112,105.58524273998455
561676.729969017,2077824.02418822,2.40514,7.8347,0.0,38.89584,20.03662,4.0,0.25929,0.00602,18.791182815679456,105.58526846240429,18.791182815679456,105.58526846240429
561683.448861104,2077470.86812183,2.52361,7.36087,0.68813,153.32297,8.29276,5.0,0.0,0.00516,18.787990997551294,105.58532119058478,18.787990997551294,105.58532119058478
561685.852352039,2076491.51645856,2.13247,6.27679,0.38777,318.55893,2.31684,4.0,0.06505,0.00792,18.779140111918988,105.58531342802,18.779140111918988,105.58531342802
561690.581473368,2076662.35916765,0.94737,5.76484,0.27294,388.5094,1.77191,5.0,0.0,0.00576,18.78068394958892,105.58536363083316,18.78068394958892,105.58536363083316
561694.747167374,2078013.80677928,0.64281,6.83981,0.43698,107.87766,23.80563,4.0,0.21093,0.00574,18.792897423562078,105.58544535399255,18.792897423562078,105.58544535399255
561709.716661778,2078082.74306714,0.0,0.0,0.0,53.93883,24.87382,3.0,0.01019,0.00588,18.79351998381922,105.58558955370155,18.79351998381922,105.58558955370155
561711.31357885,2076294.16316305,1.33981,10.13723,0.95228,314.51474,1.18568,5.0,1.73693,0.00845,18.77735578907306,105.58554885002532,18.77735578907306,105.58554885002532
561714.343383389,2076876.19361187,1.55253,9.73676,1.10284,434.86874,0.61348,2.0,0.0,0.00431,18.78261575548136,105.58559576857277,18.78261575548136,105.58559576857277
561719.901220127,2077363.29603367,0.56319,5.92633,0.31689,252.76546,3.90936,6.0,0.0,0.00465,18.787017739418875,105.58566371740983,18.787017739418875,105.58566371740983
561722.849825041,2077397.14761792,1.628,5.83195,0.4066,236.59419,4.71831,6.0,0.0,0.0049,18.787323582601765,105.58569275330164,18.787323582601765,105.58569275330164
561736.364202018,2075971.2434124,0.34495,9.87576,0.9834,488.43689,0.02811,6.0,0.92475,0.00637,18.77443667996089,105.5857764513841,18.77443667996089,105.5857764513841
561738.451875865,2076818.35315026,2.92002,6.61488,0.40159,448.69849,0.40863,5.0,0.0,0.0048,18.78209230964461,105.5858227138869,18.78209230964461,105.5858227138869
561744.271392282,2075917.67717227,1.55832,6.02775,0.36661,535.92511,0.00058,7.0,0.54929,0.00582,18.7739523436497,105.5858498021352,18.7739523436497,105.5858498021352
561747.985438937,2078066.80128763,2.37108,6.43266,0.41242,68.22783,23.57718,5.0,0.12049,0.00619,18.7933747722552,105.58595218984019,18.7933747722552,105.58595218984019
561747.990199984,2076451.96741944,1.31777,7.11555,0.46025,361.67181,1.088,4.0,0.26169,0.00842,18.778780842648214,105.5859017721444,18.778780842648214,105.5859017721444
561758.588615799,2077157.44414689,1.09553,8.7688,0.74164,448.69849,0.23269,5.0,0.0,0.0044,18.78515621843283,105.58602437626215,18.78515621843283,105.58602437626215
561759.604107051,2077725.0644844,1.3133,7.64298,0.67464,167.81825,12.29309,5.0,0.41961,0.00689,18.79028600973223,105.58605175490939,18.79028600973223,105.58605175490939
561759.877029735,2076412.52935609,1.76309,9.20031,0.78778,363.9173,0.91651,3.0,0.70496,0.0086,18.778424070405013,105.58601332503731,18.778424070405013,105.58601332503731
561762.130755272,2077877.53924723,1.00758,8.97093,1.114,107.87766,17.00988,5.0,0.72342,0.00718,18.791663911978958,105.58608049729105,18.791663911978958,105.58608049729105
561765.747318183,2076668.7849187,2.13017,8.81784,0.92524,463.99939,0.35939,3.0,0.0,0.00622,18.78073978602748,105.58607703046124,18.78073978602748,105.58607703046124
561769.532556847,2077423.03958212,1.23555,12.03083,1.62577,254.60043,3.93759,4.0,0.0,0.00614,18.787556189573245,105.58613652157834,18.787556189573245,105.58613652157834
561774.824995556,2078062.16913302,1.27233,5.5093,0.30698,75.51437,22.24656,6.0,0.18824,0.0067,18.793332110223368,105.58620672676372,18.793332110223368,105.58620672676372
561777.135503577,2077684.53376611,1.06447,9.19879,0.8823,206.09999,9.76365,5.0,0.18204,0.00707,18.78991919475181,105.58621684062737,18.78991919475181,105.58621684062737
561780.498047516,2077114.33221203,2.22944,5.45153,0.28587,496.94031,0.02445,7.0,0.0,0.00469,18.784765945514586,105.58623091795239,18.784765945514586,105.58623091795239
561787.03837958,2076433.72718348,1.21031,7.27476,0.79558,400.31192,0.54315,4.0,0.51891,0.0086,18.778614835787362,105.58627170013892,18.778614835787362,105.58627170013892
561787.990181271,2077328.38154257,3.20474,7.46848,0.52705,328.09711,1.61697,5.0,0.0,0.00546,18.78670017572644,105.58630870068271,18.78670017572644,105.58630870068271
561795.651609661,2076556.58898687,0.51,11.37353,1.69634,443.48083,0.38851,1.0,0.0131,0.00765,18.779724933625385,105.5863572650269,18.779724933625385,105.5863572650269
561797.714586124,2075816.22464942,0.0,0.0,0.0,653.79565,0.0,7.0,0.06061,0.00518,18.77303388343079,105.58635369859876,18.77303388343079,105.58635369859876
561800.112430716,2076309.50909836,1.3188,8.95097,0.88756,399.73007,0.38373,5.0,2.33272,0.00858,18.777491834847115,105.58639186653822,18.777491834847115,105.58639186653822
561801.439196551,2076040.39465239,1.60608,9.00068,0.70283,494.12207,0.0246,6.0,1.48408,0.00703,18.77505969313031,105.58639604331566,18.77505969313031,105.58639604331566
561803.458520226,2078336.68310898,0.0,0.0,0.0,44.4791,24.64576,3.0,0.0,0.00699,18.795812152249045,105.58648702228886,18.795812152249045,105.58648702228886
561805.840496814,2078102.77601812,0.0,0.0,0.0,53.93883,22.71409,6.0,0.13043,0.00698,18.79369816716118,105.58650230494735,18.79369816716118,105.58650230494735
561813.651542752,2077980.42506522,0.74425,7.48854,0.55753,167.47118,18.27507,5.0,0.78166,0.00759,18.79259219854278,105.5865725952743,18.79259219854278,105.5865725952743
561817.05917542,2076644.09331776,1.87507,6.60944,0.45709,496.94031,0.05848,4.0,0.0,0.00705,18.780515109761502,105.58656312254385,18.780515109761502,105.58656312254385
561818.107939475,2076186.00425131,0.95414,8.56288,0.64476,433.2601,0.11501,6.0,2.97403,0.00808,18.776375133016632,105.58655874911845,18.776375133016632,105.58655874911845
561831.805557116,2076101.30964405,0.55638,5.57839,0.29915,487.36356,0.02307,7.0,2.27982,0.00758,18.77560930371418,105.58668606482554,18.77560930371418,105.58668606482554
561832.580473246,2078338.08442646,0.0,0.0,0.0,38.89584,25.14364,3.0,0.0,0.00728,18.79582394828865,105.58676340968776,18.79582394828865,105.58676340968776
561833.364669652,2078363.09258948,0.9619,6.21933,0.30103,32.3633,25.07545,3.0,0.0,0.00722,18.796049933865447,105.5867716341327,18.796049933865447,105.5867716341327
561834.511733205,2077634.10893967,1.88094,5.47644,0.29532,262.47769,5.8782,7.0,0.15967,0.0085,18.7894617750429,105.58675969687975,18.7894617750429,105.58675969687975
561838.293128065,2077543.48871299,1.87527,11.7968,1.72119,264.46533,4.19078,3.0,0.0,0.00767,18.788642689787743,105.58679274136173,18.788642689787743,105.58679274136173
561842.768115038,2076012.50962876,0.60169,5.43884,0.30387,541.75641,0.0,7.0,0.92257,0.00688,18.77480645344422,105.5867873008177,18.77480645344422,105.5867873008177
561843.039911258,2077065.65109983,1.20571,9.76047,0.90355,575.40375,0.0,5.0,0.0,0.00481,18.78432413067924,105.58682282695572,18.78432413067924,105.58682282695572
561847.377003975,2075858.56796851,0.0,0.0,0.0,648.79242,0.0,6.0,0.02932,0.00543,18.77341507937814,105.58682621526755,18.77341507937814,105.58682621526755
561852.097883228,2076525.57008512,2.18276,7.31275,0.55724,488.79416,0.03958,3.0,0.22919,0.00808,18.779442921187638,105.5868918725904,18.779442921187638,105.5868918725904
561854.323494922,2077872.86225711,1.61314,5.87984,0.21702,204.96756,11.89796,6.0,1.07555,0.00878,18.791618896559722,105.5869551631353,18.791618896559722,105.5869551631353
561865.205438043,2076746.633217,0.94759,7.14672,0.58506,569.30383,0.0,7.0,0.0,0.00553,18.78144037135766,105.58702315932504,18.78144037135766,105.58702315932504
561868.806035047,2077272.29015712,1.49984,8.2359,0.90793,427.17377,0.32533,5.0,0.0,0.00585,18.786190845942958,105.5870737794905,18.786190845942958,105.5870737794905
561871.20893578,2076588.78624396,1.48992,8.9536,1.07044,525.39856,0.0,3.0,0.05786,0.00746,18.780013662697122,105.58707518194882,18.780013662697122,105.58707518194882
561874.065532501,2077811.31121049,1.04892,10.13556,1.26174,230.6161,8.44063,5.0,0.89987,0.00883,18.791062045542088,105.58714056626603,18.791062045542088,105.58714056626603
561875.491414744,2077221.83376089,1.94037,10.3888,1.09344,465.3768,0.083,5.0,0.01505,0.0058,18.785734651086017,105.58713563468406,18.785734651086017,105.58713563468406
561878.074472131,2077401.37482257,0.60415,10.37097,1.18751,357.30151,1.09145,4.0,0.03522,0.00744,18.787357161316095,105.58716576689335,18.787357161316095,105.58716576689335
561879.548934535,2077449.63325442,1.48237,11.18612,1.43446,333.02588,1.56479,4.0,0.0282,0.00822,18.787793248811155,105.58718126904743,18.787793248811155,105.58718126904743
561881.489051342,2077380.7814525,2.17271,6.86429,0.38469,368.20908,0.89053,5.0,0.03513,0.00754,18.787170948624347,105.58719752186411,18.787170948624347,105.58719752186411
561884.862267329,2077005.00409445,1.6657,4.84956,0.26294,620.92944,0.0,7.0,0.0,0.00553,18.783774791325392,105.58721776082805,18.783774791325392,105.58721776082805
561885.643719607,2078051.19174234,0.29234,6.4526,0.32774,122.99947,17.79357,6.0,0.77954,0.00901,18.793229598931298,105.5872579464543,18.793229598931298,105.5872579464543
561886.613980648,2077656.91793716,1.90145,5.92106,0.36879,306.64594,4.00213,7.0,0.18755,0.00968,18.789666355498053,105.58725480056368,18.789666355498053,105.58725480056368
561887.286841226,2076619.77330078,1.87199,6.99124,0.51077,515.67328,0.00358,5.0,0.036,0.00671,18.780293226422916,105.58722870403969,18.780293226422916,105.58722870403969
561887.858682915,2076531.15970544,2.38339,5.90275,0.36192,494.94574,0.02415,4.0,0.33472,0.00802,18.779492370882938,105.5872313555261,18.779492370882938,105.5872313555261
561888.200796952,2076780.54163401,1.32479,8.45327,0.61813,566.33203,0.0,7.0,0.0,0.00551,18.78174613031893,105.58724240967891,18.78174613031893,105.58724240967891
561902.331229439,2076115.7212275,1.15464,8.90409,1.07072,536.57617,0.0,6.0,2.2368,0.00778,18.775737445452126,105.58735566714248,18.775737445452126,105.58735566714248
561904.575319558,2076395.85585835,1.56399,5.14267,0.22782,463.87396,0.07982,6.0,1.83429,0.00872,18.778269074219825,105.58738573045795,18.778269074219825,105.58738573045795
561915.462736554,2076443.07427673,1.39589,9.14071,1.03,455.13635,0.12904,4.0,1.11095,0.00829,18.778695482300588,105.58749051128034,18.778695482300588,105.58749051128034
561918.375602481,2075928.1597743,2.13728,8.97792,0.0,633.17847,0.0,5.0,0.198,0.00631,18.77404189404903,105.58750202382818,18.77404189404903,105.58750202382818
561921.998053718,2076296.91037307,0.58601,8.18688,0.65812,450.6395,0.05403,6.0,2.80752,0.0082,18.77737434221408,105.58754794171645,18.77737434221408,105.58754794171645
561922.339947578,2077042.07589552,1.21303,10.95302,1.39217,610.72479,0.0,5.0,0.00057,0.00542,18.784108706551038,105.58757452964429,18.784108706551038,105.58757452964429
561922.408856294,2078305.42698211,1.0329,6.65299,0.32862,43.15107,25.46183,2.0,0.0,0.00816,18.79552612898063,105.58761478352562,18.79552612898063,105.58761478352562
561922.950088076,2077976.05648607,1.51618,6.20713,0.30137,204.68347,13.2005,6.0,1.21793,0.00967,18.79254945724194,105.58760959232697,18.79254945724194,105.58760959232697
561923.364823051,2077819.574593,1.91083,9.14678,0.96007,271.62903,6.91808,5.0,1.08373,0.00956,18.79113525380375,105.58760862208177,18.79113525380375,105.58760862208177
561931.222675453,2077082.05581534,1.08926,8.9828,0.92142,606.51813,0.0,5.0,0.01437,0.00559,18.784469756657334,105.58766006655229,18.784469756657334,105.58766006655229
561935.438063207,2077937.47373236,1.68309,6.32323,0.38777,249.05492,11.33351,7.0,1.43047,0.00972,18.79220039618284,105.58772688085973,18.79220039618284,105.58772688085973
561938.127350354,2077435.07263076,1.38364,7.66111,0.72047,400.89291,0.44548,4.0,0.23807,0.0088,18.787659910213883,105.58773664745583,18.787659910213883,105.58773664745583
561938.985195668,2077304.45239009,2.48615,6.57855,0.45226,463.99939,0.08546,7.0,0.30473,0.00667,18.786479415331936,105.58774069260483,18.786479415331936,105.58774069260483
561940.327638794,2078285.46489634,0.80755,6.94697,0.0,21.57553,24.9689,3.0,0.0,0.00874,18.79534518829947,105.5877841916804,18.79534518829947,105.5877841916804
561941.430026063,2078087.91041077,0.91345,10.02692,1.43374,110.01406,17.96443,5.0,0.58838,0.00963,18.79355977500457,105.58778845629712,18.79355977500457,105.58778845629712
561943.281552681,2076521.2469554,1.29669,5.86688,0.31427,440.05624,0.25054,6.0,0.69894,0.00762,18.779401131742883,105.58775691188771,18.779401131742883,105.58775691188771
561947.773538598,2076222.76494206,1.64846,7.86578,0.51487,450.76859,0.06148,6.0,2.93297,0.008,18.776703489392375,105.58779018015035,18.776703489392375,105.58779018015035
561951.670739188,2076990.22898801,2.51948,8.5855,0.73608,565.20068,0.0,5.0,0.0,0.00572,18.783639268840027,105.58785121028089,18.783639268840027,105.58785121028089
561954.103007991,2076903.53386806,1.52592,8.6376,1.10896,541.75641,0.0,5.0,0.0,0.00621,18.782855696173527,105.58787157111689,18.782855696173527,105.58787157111689
561954.645808468,2077283.34999647,1.35895,4.96026,0.29005,485.44949,0.03285,9.0,0.30014,0.00691,18.786288236616233,105.58788862913607,18.786288236616233,105.58788862913607
561958.974001646,2076960.40623461,1.13339,5.90674,0.32486,556.06726,0.0,7.0,0.0,0.00592,18.783369530088866,105.58791957229442,18.783369530088866,105.58791957229442
561964.898897886,2077796.72953916,1.18165,9.98067,1.13515,317.46106,4.77186,4.0,0.95659,0.0098,18.7909275531922,105.5880020188939,18.7909275531922,105.5880020188939
561970.662296652,2077517.83436965,2.63929,5.84603,0.29378,406.22781,0.50333,6.0,0.19245,0.01073,18.788406890562428,105.58804795848073,18.788406890562428,105.58804795848073
561971.269011974,2077586.24599366,2.47391,5.5884,0.31546,399.29312,0.88891,7.0,0.04805,0.01125,18.789025136501945,105.5880558613812,18.789025136501945,105.5880558613812
561972.817593768,2077845.42598018,1.32114,8.28282,0.70614,323.81274,5.97729,5.0,1.37732,0.01073,18.791367406303163,105.58807868642914,18.791367406303163,105.58807868642914
561978.422020803,2077620.07790073,2.23949,4.56798,0.25388,395.0444,1.12431,8.0,0.03615,0.01135,18.78933067566548,105.58812479623431,18.78933067566548,105.58812479623431
561979.404288916,2077655.67056379,2.35084,5.24077,0.32435,377.41766,1.50799,8.0,0.11109,0.01124,18.78965231186122,105.58813523346068,18.78965231186122,105.58813523346068
561979.491916277,2076185.51213987,1.14693,5.92439,0.3022,434.19922,0.05923,7.0,2.51449,0.00785,18.776365873175468,105.58808995981421,18.776365873175468,105.58808995981421
561981.918802247,2076799.81267096,3.28292,5.10061,0.2842,483.04626,0.12359,6.0,0.0,0.0061,18.781917493617044,105.58813224724611,18.781917493617044,105.58813224724611
561985.081662038,2078837.2531722,0.0,0.0,0.0,32.3633,16.3494,4.0,0.0,0.0,18.800330584165362,105.58822619169125,18.800330584165362,105.58822619169125
561987.375407202,2077370.52632044,3.75627,8.64399,0.81822,467.99512,0.06048,4.0,0.48065,0.00887,18.787075107487134,105.58820192361414,18.787075107487134,105.58820192361414
561989.219242471,2076523.91076285,1.13136,6.15668,0.32877,397.83316,0.63371,7.0,0.55515,0.0072,18.779423834115146,105.58819286420992,18.779423834115146,105.58819286420992
561989.966778111,2077051.27566792,1.60848,8.94151,1.03255,552.28729,0.0,5.0,0.10085,0.00575,18.784189829355224,105.58821649707107,18.784189829355224,105.58821649707107
561994.08508268,2077392.46094416,3.75627,8.64399,0.81822,467.99512,0.05597,4.0,0.71031,0.00887,18.787273139254452,105.58826627787296,18.787273139254452,105.58826627787296
561994.307912722,2076483.88436745,1.38394,5.40649,0.28829,376.80048,0.73735,7.0,0.95446,0.00735,18.77906194671825,105.58823989159035,18.77906194671825,105.58823989159035
562000.230437042,2076701.37431631,1.56264,5.0931,0.32423,436.87125,0.48817,6.0,0.00048,0.00604,18.781027317917808,105.58830290756363,18.781027317917808,105.58830290756363
562001.148661797,2077629.94059752,3.0661,6.60468,0.45591,412.90518,0.90041,7.0,0.04579,0.0117,18.78941912971366,105.5883407546932,18.78941912971366,105.5883407546932
562001.659447285,2075950.08808244,1.35391,11.34962,0.0,566.33203,0.0,4.0,0.18935,0.00599,18.774237583891406,105.58829290526037,18.774237583891406,105.58829290526037
562001.887134431,2076062.51532398,1.5951,10.2478,1.37792,489.15115,0.00532,4.0,1.12082,0.00726,18.775253629921295,105.58829859077564,18.775253629921295,105.58829859077564
562002.519776477,2077419.84319756,4.22082,7.84391,0.67927,464.75119,0.05693,4.0,0.62943,0.00972,18.78752035191398,105.588347171444,18.78752035191398,105.588347171444
562006.393747933,2078719.20894467,0.65589,8.3703,0.72565,55.00703,20.13524,3.0,0.0,0.0061,18.799263133738922,105.58842472381816,18.799263133738922,105.58842472381816
562007.467149577,2078745.33930677,0.9693,8.75322,0.81917,64.7266,19.13367,2.0,0.0,0.00612,18.7994992522077,105.5884357304088,18.7994992522077,105.5884357304088
562008.100473555,2077236.23580305,1.43556,10.80978,1.34702,554.49542,0.0,5.0,0.70297,0.00694,18.785860849089772,105.58839436304342,18.785860849089772,105.58839436304342
562008.345641423,2078377.20320857,0.0,0.0,0.0,0.0,26.41838,2.0,0.0,0.00767,18.796172231634916,105.58843250558286,18.796172231634916,105.58843250558286
562014.729856307,2078993.98508552,0.0,0.0,0.0,21.57553,15.08819,3.0,0.0,0.00575,18.8017461463764,105.58851245983776,18.8017461463764,105.58851245983776
562019.032752133,2076513.35711504,1.25764,6.04711,0.30571,363.9173,1.0388,7.0,0.75145,0.00705,18.779327565660928,105.58847541148569,18.779327565660928,105.58847541148569
562026.019890392,2076772.80357416,3.14248,7.87594,0.73008,430.70084,0.6396,3.0,0.0,0.00607,18.781672083376893,105.58854984847027,18.781672083376893,105.58854984847027
562027.071956049,2078860.56062547,2.22988,9.98892,0.0,65.61942,17.21587,3.0,0.0,0.00601,18.800539966924173,105.58862538805144,18.800539966924173,105.58862538805144
562028.966501249,2077539.96883297,1.71435,5.43172,0.26349,456.28555,0.16511,7.0,0.40791,0.01127,18.788605186174376,105.5886018882979,18.788605186174376,105.5886018882979
562032.479125901,2078300.13293857,1.15671,8.68503,0.0,72.36654,24.90219,3.0,0.0,0.00825,18.795474994537194,105.58865909202756,18.795474994537194,105.58865909202756
562043.408209962,2077697.88658948,2.20751,8.50648,0.7046,374.0105,1.3373,4.0,0.21284,0.01213,18.79003192190576,105.58874388190938,18.79003192190576,105.58874388190938
562044.307181594,2077103.48738781,3.64899,9.47798,0.96498,515.22174,0.0073,2.0,0.56233,0.00622,18.784660064126424,105.58873374677317,18.784660064126424,105.58873374677317
562045.996791468,2078702.44433318,0.83798,8.10597,0.65165,96.48872,21.02208,3.0,0.0,0.00581,18.799110440290917,105.58880000499094,18.799110440290917,105.58880000499094
562051.423301489,2078028.40287562,1.20097,8.76912,0.85771,198.33069,12.58788,6.0,1.42553,0.01065,18.793018692836945,105.58883031876329,18.793018692836945,105.58883031876329
562060.718372287,2076798.84355274,1.15825,5.93087,0.2491,408.37076,1.07275,3.0,0.0,0.00567,18.781906380115196,105.588879898727,18.781906380115196,105.588879898727
562064.530595614,2078284.97230734,0.92943,10.58735,0.0,84.25515,24.34108,2.0,0.00533,0.00858,18.795337022657506,105.58896275706952,18.795337022657506,105.58896275706952
562068.077191172,2077513.89213467,1.91297,6.44819,0.42161,479.0546,0.0597,6.0,0.50221,0.01187,18.788368350421983,105.5889721815966,18.788368350421983,105.5889721815966
562068.171056312,2076342.28234009,1.49023,9.57906,1.03086,294.4487,1.20232,5.0,1.71419,0.00723,18.777780021955067,105.5889362770943,18.777780021955067,105.5889362770943
562069.865003171,2078955.53730383,2.56643,5.77106,0.36361,86.97375,17.60667,5.0,0.0,0.0051,18.801397028139615,105.58903445650827,18.801397028139615,105.58903445650827
562072.394687398,2077380.71157655,3.46372,5.37872,0.27924,541.11163,0.0,7.0,1.22691,0.00966,18.787164613676698,105.58900896514238,18.787164613676698,105.58900896514238
562072.658127175,2077646.57225792,2.48947,9.69547,1.01567,381.71017,0.97589,3.0,0.03885,0.01308,18.789567298109677,105.58901981776181,18.789567298109677,105.58901981776181
562073.08070444,2077839.72243519,0.43751,6.8695,0.38462,279.85886,5.05653,6.0,1.29676,0.012,18.791312862659897,105.58902989683219,18.791312862659897,105.58902989683219
562080.234106265,2076006.57994373,1.54419,10.67635,0.0,470.35159,0.01283,2.0,0.38239,0.00585,18.774745776663657,105.58904019287793,18.774745776663657,105.58904019287793
562081.21705011,2076685.21309109,3.01186,6.9187,0.48062,351.38986,2.03373,3.0,0.0,0.00572,18.780878840988112,105.5890708293622,18.780878840988112,105.5890708293622
562081.241744704,2077257.61859752,1.36414,6.20432,0.40258,512.61761,0.0075,7.0,1.33455,0.00769,18.786051906869538,105.58908904466875,18.786051906869538,105.58908904466875
562088.828199186,2076761.44464399,1.36375,9.65474,1.15928,366.94266,1.94158,2.0,0.00637,0.00577,18.781567549689374,105.5891454411643,18.781567549689374,105.5891454411643
562088.961167536,2076479.23141694,1.16104,9.58337,0.8877,283.16602,2.16175,5.0,0.72097,0.00676,18.779017066571416,105.5891378383172,18.779017066571416,105.5891378383172
562095.867780635,2077708.00872064,1.24984,9.28711,1.01253,323.633,1.93311,4.0,0.16186,0.01323,18.79012182987762,105.58924198131416,18.79012182987762,105.58924198131416
562097.885056054,2076579.13447749,0.27678,9.28308,1.11386,307.02521,2.42778,5.0,0.3402,0.00586,18.77991966545618,105.58922564859839,18.77991966545618,105.58922564859839
562100.491383788,2078766.13144169,1.5377,9.03492,0.79729,161.8165,20.32283,3.0,0.0,0.00502,18.79968437446338,105.58931912719478,18.79968437446338,105.58931912719478
562108.325864573,2077368.71325376,4.25024,8.19144,0.66426,518.711,0.0012,6.0,1.5016,0.01004,18.787055104456062,105.58934952791688,18.787055104456062,105.58934952791688
562118.919695037,2077439.6106057,2.3922,10.86025,1.47318,521.0614,0.00847,2.0,1.30738,0.01114,18.787695515805787,105.58945227846174,18.787695515805787,105.58945227846174
562120.768252081,2077551.84274727,0.72175,8.20821,0.68092,427.85431,0.53459,5.0,0.47461,0.0129,18.788709748404045,105.58947334775911,18.788709748404045,105.58947334775911
562120.778802275,2078199.29813491,1.44064,9.29547,0.95662,120.61089,20.63979,2.0,0.31443,0.00935,18.794561066158824,105.58949380985608,18.794561066158824,105.58949380985608
562123.688112454,2076807.63084041,1.10388,11.4595,1.68788,348.22937,2.48103,1.0,0.05028,0.00571,18.78198391029506,105.58947765695267,18.78198391029506,105.58947765695267
562125.261740935,2078033.95320317,1.76881,6.94329,0.3906,198.91658,12.99155,6.0,1.50723,0.01083,18.79306664271775,105.58953114787734,18.79306664271775,105.58953114787734
562126.087067076,2078374.22490529,1.50327,5.96409,0.3095,58.0939,25.13823,5.0,0.0,0.00735,18.796141790960124,105.58954968362676,18.796141790960124,105.58954968362676
562136.873465752,2078418.63641089,0.0,0.0,0.0,24.12218,25.16887,3.0,0.0,0.00679,18.796542832391534,105.58965343536023,18.796542832391534,105.58965343536023
562138.180220541,2076223.29408141,2.38978,10.17284,1.38662,278.39963,1.05558,4.0,1.10315,0.00644,18.776702580247356,105.58959679606616,18.776702580247356,105.58959679606616
562140.215241476,2078187.78749336,1.44064,9.29547,0.95662,143.92676,20.1129,2.0,0.31443,0.00935,18.794456457475416,105.58967788213052,18.794456457475416,105.58967788213052
562142.050385659,2076576.42608407,1.09099,8.82161,0.9888,266.43817,3.62242,5.0,0.19411,0.00573,18.779893866601707,105.58964461680023,18.779893866601707,105.58964461680023
562147.143822973,2078436.63958702,0.0,0.0,0.0,30.51241,24.92141,3.0,0.0,0.00679,18.796705226516384,105.58975145962393,18.796705226516384,105.58975145962393
562147.650851411,2076393.50414746,0.45548,6.74478,0.37825,215.75533,2.60552,6.0,0.64269,0.00653,18.778240556689305,105.58969200493601,18.778240556689305,105.58969200493601
562148.469921439,2077489.7277215,2.8735,9.91456,1.02317,467.99512,0.19873,4.0,0.92633,0.01231,18.788147559660654,105.5897342488413,18.788147559660654,105.5897342488413
562150.015039367,2077247.38622058,1.57189,8.66485,0.44419,447.00943,0.40434,5.0,2.29083,0.00863,18.785957373539592,105.58974128723439,18.785957373539592,105.58974128723439
562151.289681252,2076508.78806829,1.84458,6.18936,0.34394,238.79739,3.35211,6.0,0.3999,0.00601,18.779282316869647,105.58973015528383,18.779282316869647,105.58973015528383
562155.305275197,2076327.81959382,1.26826,5.81681,0.29429,211.94598,2.09072,6.0,0.74929,0.00634,18.77764670857449,105.58976256649372,18.77764670857449,105.58976256649372
562155.454799169,2076614.97885307,1.03176,8.15666,0.82588,256.42227,3.97895,4.0,0.09291,0.00548,18.780241882681686,105.58977301395132,18.780241882681686,105.58977301395132
562157.095021196,2076857.22318496,3.29485,5.99074,0.29745,332.32623,2.95824,3.0,0.11588,0.00515,18.78243109654789,105.58979619478191,18.78243109654789,105.58979619478191
562157.996985534,2077043.14163912,2.5622,10.01459,1.04635,382.31943,1.58296,2.0,1.09866,0.00571,18.784111291736135,105.58981060041714,18.784111291736135,105.58981060041714
562158.942614238,2076372.22622714,0.97682,6.17686,0.32793,205.25127,2.58492,6.0,0.69761,0.00631,18.778047921052284,105.58979847434536,18.778047921052284,105.58979847434536
562164.562616148,2077176.35169078,1.58722,7.14936,0.48075,408.37076,1.06172,6.0,1.90541,0.00773,18.785314969338323,105.58987708902245,18.785314969338323,105.58987708902245
562171.362374155,2078675.45975065,1.62477,8.64744,0.58672,97.0899,21.17394,3.0,0.0,0.00482,18.7988628139295,105.58998879469674,18.7988628139295,105.58998879469674
562177.532288496,2078551.45092094,1.61202,5.08112,0.30116,55.00703,22.82635,4.0,0.0,0.00541,18.7977419114933,105.59004343796761,18.7977419114933,105.59004343796761
562177.593503154,2076115.14237121,2.27391,6.66828,0.32424,326.14044,0.56116,5.0,0.2526,0.0059,18.77572398742858,105.58996735241448,18.77572398742858,105.58996735241448
562188.37462808,2077010.4946871,3.64344,5.66243,0.31296,342.84058,2.63279,6.0,1.0034,0.00614,18.78381533745353,105.59009781198273,18.78381533745353,105.59009781198273
562190.169442851,2078253.76799992,1.59521,7.69576,0.0,192.97743,21.84672,4.0,0.02065,0.00858,18.79505125234333,105.5901539803424,18.79505125234333,105.5901539803424
562197.449176048,2078504.81776952,3.22951,5.20379,0.0,64.7266,23.09574,4.0,0.0,0.00563,18.797319871617372,105.5902309660447,18.797319871617372,105.5902309660447
562197.738306264,2076132.58899838,2.26598,6.24744,0.28024,296.22192,0.72329,5.0,0.2526,0.00553,18.775881056459934,105.5901590361609,18.775881056459934,105.5901590361609
562197.88859723,2078368.75932823,1.6049,6.60795,0.37561,107.87766,23.56044,5.0,0.0,0.00701,18.79609024371264,105.59023085020881,18.79609024371264,105.59023085020881
562199.158023941,2076030.42552264,0.05666,8.03497,0.60698,391.04724,0.19362,4.0,0.10556,0.00493,18.7749577194892,105.59016929280014,18.7749577194892,105.59016929280014
562199.219330743,2078184.64460785,3.96953,6.63277,0.54283,179.5442,19.78341,5.0,0.24515,0.00923,18.794426284941007,105.59023767888743,18.794426284941007,105.59023767888743
562203.25011737,2077918.03678784,0.85331,6.87853,0.45822,130.34908,9.27512,6.0,1.56117,0.01173,18.79201672131546,105.59026753083087,18.79201672131546,105.59026753083087
562204.463965316,2078159.32656004,3.52721,5.9006,0.39552,168.85526,18.60759,7.0,0.3903,0.0095,18.794197318207548,105.59028664830038,18.794197318207548,105.59028664830038
562204.616927716,2076494.88257967,1.55093,5.38899,0.29931,180.83591,4.37948,6.0,0.16632,0.00594,18.779155049516113,105.59023570001276,18.779155049516113,105.59023570001276
562205.899216475,2077420.86482047,2.0689,7.8192,0.58469,440.05624,0.6235,4.0,1.92356,0.01098,18.787523496027205,105.59027701276786,18.787523496027205,105.59027701276786
562207.464029321,2077001.27626299,2.54166,5.51353,0.34223,319.47092,3.33688,7.0,0.84034,0.00584,18.783731454507777,105.5902786516756,18.783731454507777,105.5902786516756
562208.000929356,2077540.23558563,1.55849,4.99434,0.2949,392.68063,1.7958,9.0,0.8468,0.01261,18.78860223548487,105.59030071386036,18.78860223548487,105.59030071386036
562212.639650185,2077615.78895413,1.65671,8.13308,0.64793,323.27319,3.01442,6.0,0.17203,0.01328,18.789284903023418,105.59034710883155,18.789284903023418,105.59034710883155
562213.669441124,2078931.03853016,1.64312,7.97934,0.0,160.37167,20.59159,3.0,0.0,0.00364,18.80117131181701,105.5903983151794,18.80117131181701,105.5903983151794
562218.610467507,2076819.30944087,2.81981,7.37738,0.5822,259.3555,5.24338,4.0,0.42227,0.0057,18.782086610735437,105.59037868607051,18.782086610735437,105.59037868607051
562219.906500737,2075946.74375326,1.88586,7.73726,0.53688,463.99939,0.02158,4.0,0.0,0.00353,18.774200830225105,105.5903635214302,18.774200830225105,105.5903635214302
562222.072107208,2076431.27150823,1.60376,10.29225,1.13865,143.92676,4.14307,4.0,0.30159,0.00586,18.77857964642653,105.5903993168327,18.77857964642653,105.5903993168327
562225.406385333,2078531.38907029,2.12703,9.707,0.0,58.0939,22.08388,0.0,0.0,0.00522,18.797559168204245,105.59049709664501,18.797559168204245,105.59049709664501
562226.818891564,2078897.72540308,0.99816,9.94869,0.0,129.90192,20.55837,3.0,0.0,0.00376,18.80086985316948,105.59052204649203,18.80086985316948,105.59052204649203
562227.616774689,2076172.41730505,1.95878,11.87446,1.78481,257.32837,1.18095,3.0,0.14174,0.00528,18.776240106168544,105.59044377835396,18.776240106168544,105.59044377835396
562229.688318353,2077952.87643421,0.99572,6.70642,0.41389,88.9582,11.0922,6.0,1.60563,0.01118,18.792330788181008,105.590519499587,18.792330788181008,105.590519499587
562233.144796076,2078148.06160068,1.00439,5.40305,0.31999,135.17033,18.30427,8.0,0.29365,0.00935,18.79409465167792,105.59055844817954,18.79409465167792,105.59055844817954
562234.650941834,2077024.36873003,1.7776,4.90136,0.29512,303.78625,3.80276,8.0,1.10515,0.00669,18.783939335404707,105.590537341888,18.783939335404707,105.590537341888
562238.417539989,2078276.79745223,1.18552,10.82266,0.0,170.56956,21.79152,2.0,0.0,0.00783,18.7952579311443,105.59061253875603,18.7952579311443,105.59061253875603
562239.362429618,2076271.22021032,0.63709,7.48253,0.47795,168.5103,2.41022,5.0,0.0666,0.00534,18.777132677380774,105.59055833233762,18.777132677380774,105.59055833233762
562240.853214367,2076043.74920377,0.97402,8.61657,0.75506,365.03482,0.31902,3.0,0.00777,0.0041,18.775076881524836,105.59056531649904,18.775076881524836,105.59056531649904
562243.201321161,2076332.82686678,1.7551,7.54508,0.52321,130.34908,3.24826,5.0,0.13622,0.0056,18.777689327451885,105.59059669579734,18.777689327451885,105.59059669579734
562244.053481447,2076858.38764641,2.84574,5.01328,0.28002,249.05492,5.58624,6.0,0.55771,0.00604,18.782439013650738,105.5906213304327,18.782439013650738,105.5906213304327
562246.620285428,2077361.43245267,1.48405,5.81215,0.35674,385.04922,1.7224,7.0,2.32832,0.00989,18.786985159882047,105.59066153086872,18.786985159882047,105.59066153086872
562248.671693887,2077640.33387876,1.20529,9.0953,0.84164,290.46948,4.364,5.0,0.08576,0.01286,18.789505644488568,105.5906897834476,18.789505644488568,105.5906897834476
562258.437409699,2078831.08724791,0.84944,6.07475,0.0,61.02482,20.01701,4.0,0.0,0.00376,18.800266668319523,105.59081998756938,18.800266668319523,105.59081998756938
562260.237380779,2078398.98843132,2.02511,7.28341,0.45801,92.17072,22.10048,5.0,0.0,0.00629,18.79636156498369,105.59082344282899,18.79636156498369,105.59082344282899
562266.171400858,2076470.43604458,1.28712,5.5748,0.21803,112.62759,5.34615,5.0,0.03052,0.00556,18.778932270166713,105.59081897378806,18.778932270166713,105.59081897378806
562268.512277627,2079058.91426233,1.21837,8.2825,0.0,114.67553,20.23332,2.0,0.0,0.00338,18.802325328577066,105.59092277867619,18.802325328577066,105.59092277867619
562288.729167762,2077679.26638251,1.31243,7.40717,0.54062,235.60838,6.59234,6.0,0.11616,0.01254,18.789856290815184,105.59107110923347,18.789856290815184,105.59107110923347
562292.294760058,2076706.44801382,2.39261,6.95952,0.40057,167.47118,7.45256,4.0,0.84912,0.00618,18.78106442461885,105.59107427564741,18.78106442461885,105.59107427564741
562293.332910059,2076811.868645,1.04408,7.06424,0.38847,196.85826,7.53751,4.0,0.80694,0.00659,18.782017123394343,105.59108744846816,18.782017123394343,105.59108744846816
562293.518020372,2076361.02498979,2.32385,4.6382,0.17828,78.53613,4.28125,6.0,0.00304,0.00541,18.777942656179206,105.59107499720389,18.777942656179206,105.59107499720389
562295.966453913,2075899.96797406,0.0,0.0,0.0,489.74561,0.00483,5.0,0.0,0.00238,18.773775816819516,105.59108370205162,18.773775816819516,105.59108370205162
562297.921538558,2077261.93908244,0.81604,9.88844,1.11224,300.89941,3.92386,5.0,2.3204,0.00891,18.78608445759736,105.59114517516663,18.78608445759736,105.59114517516663
562298.731766277,2076001.98616139,1.69574,9.78969,1.07733,383.07965,0.1936,3.0,0.0,0.00331,18.774697715198595,105.59111315322632,18.774697715198595,105.59111315322632
562308.343386992,2076047.68688425,1.10388,9.55033,1.01876,338.74274,0.41904,3.0,0.0,0.00357,18.775110443395,105.5912057882813,18.775110443395,105.5912057882813
562308.720915736,2078923.52074545,1.57899,5.54957,0.31058,84.25515,19.46331,7.0,0.0,0.00315,18.80110051558673,105.59130006651796,18.80110051558673,105.59130006651796
562311.31094661,2077986.49799921,1.07014,5.9391,0.39614,10.78777,14.19271,6.0,0.95528,0.01065,18.792632189023003,105.59129507573863,18.792632189023003,105.59129507573863
562311.413840421,2078847.36093656,0.0,0.0,0.0,34.11391,18.94224,5.0,0.0,0.0033,18.80041214832187,105.59132321704597,18.80041214832187,105.59132321704597
562311.615223763,2076070.84455543,1.76892,7.55502,0.53422,317.46106,0.63858,5.0,0.0,0.00357,18.775319630797352,105.59123756129064,18.775319630797352,105.59123756129064
562318.959147421,2078169.36719287,1.70154,6.50241,0.42858,69.07541,19.34848,6.0,0.10075,0.00865,18.794284621715157,105.5913734195959,18.794284621715157,105.5913734195959
562321.5410685,2077455.82869407,1.56208,9.67489,1.15884,332.32623,4.48857,4.0,1.80422,0.01073,18.787836007877672,105.5913754077198,18.787836007877672,105.5913754077198
562324.068391725,2076434.10617354,2.79531,9.86369,1.47751,53.93883,5.49127,2.0,0.0,0.00525,18.778602204205594,105.59136716836241,18.778602204205594,105.59136716836241
562326.204573512,2076162.19192196,1.81482,8.36769,0.97308,228.84308,1.5157,4.0,0.0,0.00428,18.776144737302776,105.5913788648473,18.776144737302776,105.5913788648473
562326.641553768,2076975.88115257,0.84276,6.56428,0.40793,198.91658,7.21801,4.0,0.86165,0.00746,18.783498371951893,105.5914086665279,18.783498371951893,105.5914086665279
562330.432076945,2077363.89235546,1.67225,9.25968,0.99265,300.89941,4.6002,4.0,2.21119,0.00948,18.78700487452708,105.59145687175965,18.78700487452708,105.59145687175965
562331.121636416,2077061.13937965,1.15946,6.96156,0.58165,222.39551,6.62954,4.0,1.09282,0.00833,18.78426875106562,105.59145386479257,18.78426875106562,105.59145386479257
562331.641622535,2077497.79459907,1.24717,8.91729,1.06692,334.5947,5.31341,6.0,1.54053,0.01069,18.788214967389933,105.59147257309725,18.788214967389933,105.59147257309725
562332.129515927,2077217.00943115,0.55107,7.10734,0.58216,260.92126,5.33403,5.0,2.02642,0.00924,18.785677382432915,105.59146834469098,18.785677382432915,105.59146834469098
562332.618723289,2078244.05555096,1.79281,5.74684,0.32537,106.24718,20.44362,7.0,0.0,0.00704,18.794959199814528,105.59150539386692,18.794959199814528,105.59150539386692
562333.254894532,2077981.32136989,1.58187,6.68303,0.46162,10.78777,14.83156,5.0,0.71631,0.01045,18.792584746286693,105.59150313840449,18.792584746286693,105.59150313840449
562336.987859854,2078926.86942328,1.99341,5.54226,0.31665,69.07541,18.58842,6.0,0.0,0.00302,18.801129929025212,105.59156841059138,18.801129929025212,105.59156841059138
562341.216902079,2079105.25793481,1.8661,7.09426,0.0,78.53613,19.02111,3.0,0.0,0.00289,18.802741969085748,105.59161417572045,18.802741969085748,105.59161417572045
562343.97129596,2076117.16946798,2.29966,5.7032,0.37928,270.55582,1.06735,4.0,0.0,0.0038,18.775737316990547,105.59154601720037,18.775737316990547,105.59154601720037
562343.983406688,2077157.1478138,0.49441,9.89609,1.15442,238.79739,6.20625,4.0,1.82593,0.00918,18.785136032280864,105.59157893296872,18.785136032280864,105.59157893296872
562345.33345196,2078899.31115984,2.16886,5.73539,0.32526,45.76862,18.42029,6.0,0.0,0.00303,18.800880623124158,105.59164673551842,18.800880623124158,105.59164673551842
562346.666927928,2077685.94666248,0.97155,7.21437,0.48137,216.02486,8.7231,7.0,0.18028,0.01189,18.78991492249673,105.59162108223282,18.78991492249673,105.59162108223282
562347.325115551,2078275.96808724,2.1829,5.95082,0.33515,91.53723,20.44565,6.0,0.0,0.00674,18.795247164049712,105.59164595218265,18.795247164049712,105.59164595218265
562349.149645735,2078396.20536553,0.0,0.0,0.0,10.78777,20.05969,5.0,0.0,0.00544,18.79633374153794,105.59166706167682,18.79633374153794,105.59166706167682
562349.491119917,2077459.27145394,1.6591,9.70892,1.26676,303.78625,5.75225,5.0,1.80422,0.01045,18.78786628160971,105.5916407267769,18.78786628160971,105.5916407267769
562349.840088888,2076696.13090241,1.31576,7.28319,0.49576,102.34174,8.82544,4.0,0.86871,0.00624,18.780969456457854,105.59161996032604,18.780969456457854,105.59161996032604
562351.92665799,2077347.09285626,1.67225,9.25968,0.99265,275.03516,5.43762,4.0,2.18453,0.00948,18.78685240465855,105.59166029683261,18.78685240465855,105.59166029683261
562353.897694186,2078050.62153414,2.01679,5.82923,0.36234,15.25621,17.13088,6.0,0.35289,0.0096,18.793210419204772,105.59170120557643,18.793210419204772,105.59170120557643
562354.890963582,2077255.12705585,0.93972,10.00299,1.17711,249.05492,5.84986,4.0,1.92278,0.00893,18.786021183031135,105.59168552195283,18.786021183031135,105.59168552195283
562356.668814982,2077394.55017176,1.18449,10.80554,1.44758,287.85352,5.41964,4.0,2.16931,0.00972,18.78728115325149,105.5917067913363,18.78728115325149,105.5917067913363
562360.23243207,2077209.06795123,0.94957,6.45107,0.37159,227.56818,6.50035,5.0,1.66056,0.00939,18.7856047675016,105.59173475157195,18.7856047675016,105.59173475157195
562369.911995127,2077720.90008901,1.73138,7.78667,0.63088,179.5442,10.06539,8.0,0.15656,0.01181,18.790230111921836,105.59184275458956,18.790230111921836,105.59184275458956
562374.969899714,2076587.83271178,1.83774,5.09812,0.29371,44.4791,8.32269,6.0,0.54768,0.00568,18.779989965674076,105.59185498314784,18.779989965674076,105.59185498314784
562375.936824011,2076750.3077771,1.7466,11.9525,1.64412,96.48872,9.34624,3.0,0.99291,0.00687,18.781458291040313,105.5918692847775,18.781458291040313,105.5918692847775
562378.249093785,2077274.28693004,0.7677,10.64864,1.25635,235.60838,6.49556,4.0,2.04913,0.00921,18.78619363646259,105.59190776334215,18.78619363646259,105.59190776334215
562380.327984526,2077353.64993175,0.63104,10.97413,1.57064,245.99893,6.63559,4.0,2.18453,0.00958,18.786910809801054,105.59192999470747,18.786910809801054,105.59192999470747
562382.407907859,2077165.73872435,0.35393,10.35844,1.26128,196.85826,7.5001,4.0,1.28684,0.00939,18.78521251687722,105.59194379795544,18.78521251687722,105.59194379795544
562384.164070689,2077937.82006085,2.26912,10.17406,1.32492,32.3633,15.43459,3.0,0.37763,0.01027,18.79219007665523,105.59198484125714,18.79219007665523,105.59198484125714
562393.377411044,2075965.59681214,0.0,0.0,0.0,421.96582,0.11177,0.0,0.0,0.00204,18.774366006951933,105.59201000210695,18.774366006951933,105.59201000210695
562395.483827383,2076711.01845965,2.09476,7.82622,0.6895,64.7266,9.53379,4.0,0.9742,0.00689,18.781102629605257,105.59205351369182,18.781102629605257,105.59205351369182
562399.352617876,2077252.21835164,0.64867,5.81204,0.32267,204.68347,7.33998,5.0,1.70789,0.00938,18.78599355906882,105.59210731005696,18.78599355906882,105.59210731005696
562401.957495187,2076539.08340505,4.22995,7.03954,0.49927,0.0,7.88663,3.0,0.24934,0.00556,18.77954858668676,105.5921095102859,18.77954858668676,105.5921095102859
562406.698441118,2077804.17150598,2.24242,6.11584,0.36827,97.0899,12.52898,8.0,0.20147,0.01152,18.790981562840102,105.59219444674454,18.790981562840102,105.59219444674454
562407.295579848,2077372.63366415,0.65219,10.78923,1.64167,230.6161,7.42666,4.0,2.16999,0.00974,18.78708156244063,105.59218648104125,18.78708156244063,105.59218648104125
562407.757608288,2079054.00330578,0.97983,6.68617,0.0,86.97375,17.34432,4.0,0.0,0.00253,18.80227675841181,105.59224399737028,18.80227675841181,105.59224399737028
562408.29566825,2077585.78189868,2.63166,5.2499,0.2885,222.39551,9.0708,10.0,0.84947,0.01084,18.78900783956644,105.59220270341442,18.78900783956644,105.59220270341442
562413.214983292,2077441.09652649,1.71146,7.624,0.80589,235.60838,8.10847,6.0,2.15163,0.01,18.787700111104787,105.59224481105008,18.787700111104787,105.59224481105008
562432.864234701,2077134.10210082,1.13696,11.41857,1.7619,150.25621,9.21146,3.0,0.88587,0.00976,18.784925086048794,105.59242155727088,18.784925086048794,105.59242155727088
562435.50011394,2077714.3231228,5.89059,6.20341,0.41181,130.34908,11.69728,10.0,0.17467,0.01093,18.790168699922397,105.59246490320395,18.790168699922397,105.59246490320395
562442.124146544,2076961.4479204,2.15075,10.32565,1.17503,92.17072,9.96112,3.0,0.45633,0.00866,18.78336446082894,105.59250396517163,18.78336446082894,105.59250396517163
562442.609681843,2076045.38939326,0.0,0.0,0.0,342.84058,0.4455,5.0,0.0,0.00283,18.77508564568806,105.59247963623372,18.77508564568806,105.59247963623372
562444.220823297,2076329.16362665,1.40662,5.26449,0.25798,92.79988,4.32385,5.0,0.0,0.00518,18.77765018335073,105.59250388507384,18.77765018335073,105.59250388507384
562458.395135528,2077208.94235719,0.83796,12.22859,2.02921,131.23885,9.43591,3.0,0.91165,0.0099,18.785600679577982,105.59266617432593,18.785600679577982,105.59266617432593
562459.404134972,2076059.62660627,1.71924,5.51859,0.30103,337.88275,0.57225,6.0,0.0,0.00327,18.77521380809886,105.59263943192236,18.77521380809886,105.59263943192236
562461.299464571,2076264.42680411,3.40998,7.61547,0.54632,153.32297,3.15211,2.0,0.0,0.00499,18.77706461588457,105.5926638846309,18.77706461588457,105.5926638846309
562464.288716775,2076494.9034966,4.65121,8.02322,0.6557,62.90295,7.27692,2.0,0.08512,0.00566,18.779147439484017,105.59269952919851,18.779147439484017,105.59269952919851
562465.264258965,2079013.19229629,0.0,0.0,0.0,24.12218,14.77511,3.0,0.0,0.00262,18.801906201041835,105.59278841726969,18.801906201041835,105.59278841726969
562465.814296458,2076369.76143583,2.7294,4.87567,0.30919,92.17072,4.85209,5.0,0.0,0.00513,18.778016432872516,105.59271005003927,18.778016432872516,105.59271005003927
562469.254690308,2076216.25760746,1.67873,15.29498,0.0,203.54317,2.2543,1.0,0.0,0.00466,18.77662905139879,105.59273784282284,18.77662905139879,105.59273784282284
562470.944931959,2077948.77348608,3.06354,8.53189,0.92675,43.15107,18.04232,3.0,0.10789,0.00985,18.79228645491342,105.59280864863072,18.79228645491342,105.59280864863072
562474.618911659,2076996.52229379,2.20971,5.07269,0.2582,72.36654,10.3565,5.0,0.27428,0.00907,18.78368046417859,105.59281339970953,18.78368046417859,105.59281339970953
562476.610593128,2077523.00492188,1.66602,9.68981,1.07901,208.34637,10.60747,5.0,1.61595,0.01032,18.78843844212016,105.59284894422701,18.78843844212016,105.59284894422701
562485.281885768,2079103.13655676,0.0,0.0,0.0,15.25621,14.41087,5.0,0.0,0.00195,18.802718459160868,105.592981221995,18.802718459160868,105.592981221995
562490.52016145,2077375.17165539,1.87302,6.96035,0.47537,146.72949,10.14354,6.0,2.07138,0.00987,18.787101993980155,105.59297625298598,18.787101993980155,105.59297625298598
562496.007664615,2076510.74340835,2.71728,10.02609,0.97679,86.97375,7.33625,1.0,0.05457,0.00562,18.779289636434093,105.59300098690775,18.779289636434093,105.59300098690775
562503.82891421,2079064.5938571,0.0,0.0,0.0,0.0,13.62459,5.0,0.0,0.00216,18.80236957449232,105.59315600465027,18.80236957449232,105.59315600465027
562504.955049459,2076367.02974524,4.2358,8.39345,0.55057,136.45566,4.67604,2.0,0.0,0.00524,18.77799056711609,105.59308133798831,18.77799056711609,105.59308133798831
562507.660569204,2077121.36919223,3.09837,4.82419,0.23858,72.36654,10.52759,5.0,0.20243,0.01025,18.784807761466,105.59313086416212,18.784807761466,105.59313086416212
562515.614687919,2078189.29932447,2.80549,7.49999,0.67947,75.51437,19.55059,3.0,0.0,0.00619,18.794458836955403,105.59324013204298,18.794458836955403,105.59324013204298
562515.961185851,2076017.84462308,0.0,0.0,0.0,396.66138,0.23491,0.0,0.0,0.00361,18.774834504434043,105.59317472526355,18.774834504434043,105.59317472526355
562520.678657737,2076960.6389711,2.12356,8.58168,0.77062,10.78777,10.8028,3.0,0.16173,0.00942,18.783354784560746,105.59324930204848,18.783354784560746,105.59324930204848
562524.60602243,2076186.24650654,1.77623,5.44108,0.31247,252.76546,1.57494,4.0,0.0,0.00448,18.776356162068936,105.59326207258795,18.776356162068936,105.59326207258795
562524.640784005,2076153.9171615,2.13561,7.41813,0.30885,278.39963,1.19147,3.0,0.0,0.00434,18.776063987279862,105.59326138006108,18.776063987279862,105.59326138006108
562528.919587132,2076695.14324601,0.10665,5.95527,0.32688,58.0939,9.66564,6.0,0.58236,0.0078,18.780955142456897,105.59331909641634,18.780955142456897,105.59331909641634
562538.968538195,2076598.35313128,4.22274,12.11923,1.93487,96.48872,8.51387,0.0,0.20352,0.00654,18.780080107536033,105.59341138195023,18.780080107536033,105.59341138195023
562539.525956814,2078070.11730897,1.64944,7.88862,0.0,155.58337,20.13638,3.0,0.0,0.00731,18.79338102056054,105.59346325435034,18.79338102056054,105.59346325435034
562543.450479426,2077816.4594356,2.09187,13.45209,2.4438,15.25621,15.85958,1.0,0.0,0.00985,18.791088494490076,105.59349246235118,18.791088494490076,105.59349246235118
562544.581165918,2077858.45264769,1.21054,13.814,2.52749,34.11391,16.91273,0.0,0.0,0.00965,18.79146796989442,105.59350452096338,18.79146796989442,105.59350452096338
562547.859432322,2077986.59120232,1.00456,13.8605,0.0,107.87766,19.49752,1.0,0.0,0.0087,18.79262591044221,105.59353968586518,18.79262591044221,105.59353968586518
562549.671771223,2076140.6600884,1.70939,6.83787,0.30511,308.53766,0.9845,5.0,0.0,0.00429,18.775943423496685,105.5934984563042,18.775943423496685,105.5934984563042
562563.252604567,2076563.14675542,2.7763,13.01546,2.16651,130.34908,7.44045,-1.0,0.04915,0.00642,18.77976120108835,105.59364068192535,18.77976120108835,105.59364068192535
562564.591886751,2076685.07839302,2.23428,5.64792,0.35455,102.34174,9.1629,5.0,0.29901,0.00813,18.780863107092088,105.59365724869264,18.780863107092088,105.59365724869264
562567.675254414,2076446.8605199,3.38511,9.16532,1.12495,177.9164,5.4101,1.0,0.0,0.00573,18.778710141087828,105.59367896468605,18.778710141087828,105.59367896468605
562572.955798119,2077639.86057161,7.79676,5.12279,0.39651,72.36654,13.00451,10.0,0.42079,0.00924,18.789491609671156,105.59376684168534,18.789491609671156,105.59376684168534
562578.302761016,2076091.32430219,1.34218,14.49572,0.0,362.47534,0.50182,3.0,0.0,0.00427,18.775496692567344,105.59376854735817,18.775496692567344,105.59376854735817
562579.155997245,2077687.87616374,7.66049,5.3191,0.42789,24.12218,13.73444,9.0,0.21597,0.00933,18.78992535883276,105.59382719524504,18.78992535883276,105.59382719524504
562582.144082071,2076331.19340049,2.28761,8.8882,0.33639,218.43562,3.39662,2.0,0.0,0.00511,18.777664373304656,105.59381258644619,18.777664373304656,105.59381258644619
562583.651775745,2078215.49044432,0.0,0.0,0.0,43.15107,18.30442,0.0,0.0,0.00522,18.794693484216182,105.5938865723848,18.794693484216182,105.5938865723848
562602.478322427,2078162.90161992,0.6469,13.49414,0.0,76.28103,18.68083,2.0,0.0,0.0055,18.79421764983413,105.5940635525017,18.79421764983413,105.5940635525017
562606.282305646,2076329.79000734,2.64341,9.46746,0.43375,238.79739,2.99936,2.0,0.0,0.00502,18.77765096232628,105.594041569177,18.77765096232628,105.594041569177
562608.075723243,2076957.17502347,2.1357,10.26375,1.26305,68.22783,10.33894,1.0,0.24089,0.00982,18.783320844227426,105.59407845696455,18.783320844227426,105.59407845696455
562611.020402275,2076192.92142379,3.06922,6.15691,0.41155,315.06927,1.1567,5.0,0.0,0.00461,18.776413881365922,105.59408219057568,18.776413881365922,105.59408219057568
562614.713428331,2077402.53839077,0.93634,9.60798,1.0049,38.89584,11.87323,4.0,1.4264,0.01019,18.787345573407915,105.59415555072115,18.787345573407915,105.59415555072115
562615.099930709,2077287.40941869,2.94238,7.21225,0.55504,10.78777,11.60134,4.0,0.77371,0.0105,18.786305094671107,105.59415556970205,18.786305094671107,105.59415556970205
562619.559853316,2077452.73618803,1.86083,7.6625,0.58112,43.15107,12.01044,5.0,1.43314,0.01003,18.787799084870677,105.59420312792032,18.787799084870677,105.59420312792032
562629.765233726,2077804.65604318,1.28436,8.06617,1.01067,82.15718,15.84795,3.0,0.0,0.0087,18.79097921784495,105.59431112063324,18.79097921784495,105.59431112063324
562640.726692132,2076909.23674338,2.73733,9.95827,1.13661,112.62759,9.46079,2.0,0.43065,0.00979,18.78288662100742,105.59438674526929,18.78288662100742,105.59438674526929
562642.901192222,2077678.49387614,2.99559,5.77678,0.36122,10.78777,13.68557,5.0,0.06687,0.00876,18.78983864311648,105.59443176566471,18.78983864311648,105.59443176566471
562655.519194413,2076852.53503877,1.28047,5.32483,0.28824,140.24097,8.82089,6.0,0.54244,0.00945,18.78237373796757,105.59452530555963,18.78237373796757,105.59452530555963
562656.604309406,2076229.98385506,1.80675,9.97401,0.0,328.09711,1.1335,1.0,0.0,0.00485,18.77674745444651,105.59451586898912,18.77674745444651,105.59451586898912
562657.638403751,2076768.04815239,1.27298,8.16481,0.6201,160.37167,8.12392,4.0,0.29923,0.00948,18.781610131484204,105.59454273511952,18.781610131484204,105.59454273511952
562662.219457375,2078004.67255567,1.73918,7.95469,0.0,107.87766,18.56283,3.0,0.0,0.00626,18.792785866536526,105.59462542074625,18.792785866536526,105.59462542074625
562669.832741526,2077300.27888498,1.75697,7.42849,0.65363,32.3633,11.44469,2.0,0.52832,0.01062,18.786419748575884,105.59467531761969,18.786419748575884,105.59467531761969
562678.715687993,2077728.59518371,1.7666,15.54209,3.15271,69.07541,14.15193,1.0,0.0,0.00827,18.790290346727236,105.59477319311117,18.790290346727236,105.59477319311117
562680.071770943,2077637.33275493,2.4816,9.74937,1.26491,10.78777,12.96316,3.0,0.0909,0.0085,18.789465530641188,105.5947831651379,18.789465530641188,105.5947831651379
562685.355078522,2076946.15934792,3.36067,10.1312,1.13004,143.92676,8.84547,3.0,1.48216,0.01012,18.783218957872336,105.59481137035209,18.783218957872336,105.59481137035209
562688.082547444,2076662.85168554,0.79558,12.30626,2.0038,222.39551,6.1474,3.0,0.00176,0.00929,18.78065850855492,105.59482826416443,18.78065850855492,105.59482826416443
562691.182296662,2077803.28464722,2.11472,4.89099,0.15168,130.34908,15.36673,5.0,0.0,0.00771,18.790964968472352,105.59489385734582,18.790964968472352,105.59489385734582
562701.198016393,2077751.28350507,2.23837,14.04056,2.835,99.45829,14.28597,1.0,0.0,0.00791,18.790494710627293,105.59498724489183,18.790494710627293,105.59498724489183
562703.410226377,2076884.52301578,3.44007,7.07352,0.4742,173.94751,7.69852,5.0,1.2337,0.0101,18.782661379737657,105.59498073042865,18.782661379737657,105.59498073042865
562704.46339602,2078136.05521478,0.0,0.0,0.0,10.78777,16.65147,4.0,0.0,0.00421,18.79397194686554,105.59503044458984,18.79397194686554,105.59503044458984
562711.158438209,2077547.90979207,1.42732,5.76254,0.32231,10.78777,11.75308,6.0,0.34862,0.00875,18.788656439868266,105.59507530214589,18.788656439868266,105.59507530214589
562714.590568123,2076750.87195061,2.2162,6.35715,0.56014,228.58868,6.19049,4.0,0.49523,0.01022,18.781453182731436,105.59508257349607,18.781453182731436,105.59508257349607
562723.992653758,2078004.00153139,1.0522,5.84276,0.31313,62.90295,17.00524,5.0,0.0,0.00499,18.79277793477997,105.59521156520428,18.79277793477997,105.59521156520428
562724.873868947,2077674.4621074,1.55449,12.3848,2.49927,68.22783,12.77726,1.0,0.0,0.00755,18.78979972910486,105.59520946273682,18.78979972910486,105.59520946273682
562732.285507622,2076311.65603459,0.93179,8.82317,0.0,368.99838,1.13511,3.0,0.0,0.00578,18.777483273730844,105.59523653124484,18.777483273730844,105.59523653124484
562732.815990685,2077018.9691633,4.9564,6.78401,0.49078,165.02109,8.41049,4.0,1.96384,0.01009,18.78387553535517,105.5952640126325,18.78387553535517,105.5952640126325
562734.293488873,2076681.57875938,2.00707,8.84231,0.89763,256.42227,5.12415,3.0,0.12643,0.01027,18.78082635634668,105.59526732268701,18.78082635634668,105.59526732268701
562734.295197986,2077537.34748326,1.82244,5.20072,0.26812,34.11391,11.33022,6.0,0.2612,0.00849,18.788560284446078,105.5952945060703,18.788560284446078,105.5952945060703
562740.940995016,2076138.91544371,1.61217,8.67871,0.0,451.80011,0.10504,3.0,0.0,0.00511,18.775921884192876,105.59531317410627,18.775921884192876,105.59531317410627
562740.991450999,2077446.7998109,0.83646,10.2034,1.31404,65.61942,10.65721,3.0,0.4298,0.00895,18.78774176628755,105.59535516976234,18.78774176628755,105.59535516976234
562778.590301994,2077356.01585574,1.05546,13.4994,2.49337,122.99947,9.41849,0.0,0.1543,0.0091,18.786920177735578,105.5957090500063,18.786920177735578,105.5957090500063
562780.619305701,2077763.14088479,1.44847,5.5034,0.19918,168.5103,13.12298,5.0,0.0,0.0064,18.79059946801511,105.59574123997221,18.79059946801511,105.59574123997221
562786.660310134,2076273.51502984,0.54402,9.5955,0.0,429.88943,0.32329,1.0,0.0,0.00608,18.777136933710565,105.59575123575434,18.777136933710565,105.59575123575434
562796.073415063,2077878.90889209,2.2089,5.42688,0.31247,101.77158,14.49852,6.0,0.0,0.00511,18.791645241655424,105.5958915623505,18.791645241655424,105.5958915623505
562797.653856988,2077806.61922448,0.24664,6.12812,0.32287,168.85526,13.67055,5.0,0.0,0.00612,18.790991883368665,105.59590426087762,18.790991883368665,105.59590426087762
562803.86523437,2077168.58419351,0.66397,7.83496,0.50834,201.5321,7.51314,3.0,1.47038,0.01056,18.785225517418322,105.59594291815176,18.785225517418322,105.59594291815176
562805.147907385,2077546.85188357,2.80621,4.55822,0.09682,107.87766,9.67386,6.0,0.0,0.00765,18.78864403548642,105.59596711260747,18.78864403548642,105.59596711260747
562805.419839452,2076401.34769129,0.4829,10.12784,1.46861,416.41336,0.77886,3.0,0.0,0.00727,18.778291642374153,105.59593328941045,18.778291642374153,105.59593328941045
562812.532279058,2077509.0280378,3.00627,5.90156,0.33868,126.26756,9.10287,4.0,0.00658,0.008,18.788301982682626,105.59603597863556,18.788301982682626,105.59603597863556
562814.344040144,2076567.23481838,0.54043,5.71948,0.29606,371.98248,1.76983,6.0,0.00006,0.00938,18.779790562090202,105.59602323495689,18.779790562090202,105.59602323495689
562815.131821643,2076972.99184394,1.44918,6.07985,0.31041,259.3555,5.24647,6.0,3.25961,0.01056,18.783457529329297,105.59604360486881,18.783457529329297,105.59604360486881
562819.672730992,2076166.54619543,0.89611,10.36293,0.0,501.83411,0.00502,3.0,0.0,0.00569,18.776169213541802,105.59606106286547,18.776169213541802,105.59606106286547
562823.451063232,2076488.65658564,3.03294,9.1865,0.89025,406.65732,0.96901,3.0,0.0,0.00867,18.77908014286185,105.59610714758631,18.77908014286185,105.59610714758631
562823.678500113,2076509.0100635,2.24799,6.26656,0.36912,399.14737,1.10157,5.0,0.0,0.00907,18.779264078671368,105.59610995239453,18.779264078671368,105.59610995239453
562824.315804672,2077426.90828702,1.34011,8.33538,0.764,154.45732,8.3514,2.0,0.02708,0.00852,18.787559476803846,105.59614517826842,18.787559476803846,105.59614517826842
562833.987969946,2076101.85121555,2.06845,6.75371,0.42174,551.33826,0.0,4.0,0.0,0.00524,18.775584105112717,105.59619483087818,18.775584105112717,105.59619483087818
562838.542286536,2076221.34968297,3.0806,10.26254,0.0,498.8103,0.01461,2.0,0.0,0.00588,18.776663924046357,105.59624184022272,18.776663924046357,105.59624184022272
562844.443538318,2077286.7808343,1.18385,14.04388,2.41841,211.94598,7.07409,1.0,0.35057,0.00989,18.786292479208377,105.59633170745245,18.786292479208377,105.59633170745245
562845.372736827,2076370.68644169,1.682,5.73227,0.34093,467.37308,0.19618,5.0,0.0,0.00736,18.778013334767003,105.5963113951962,18.778013334767003,105.5963113951962
562848.399488037,2076073.44593102,1.26782,11.41936,0.0,577.52344,0.0,3.0,0.0,0.0054,18.775326958591183,105.59633066497388,18.775326958591183,105.59633066497388
562848.548185669,2077533.97764523,3.11503,12.26286,2.07819,151.41351,8.36573,2.0,0.0,0.00791,18.788526371351633,105.5963785180716,18.788526371351633,105.5963785180716
562853.568144243,2077201.6244902,2.0057,7.86795,0.88229,232.87587,6.06243,3.0,1.17854,0.0102,18.78552261071081,105.59641557876984,18.78552261071081,105.59641557876984
562855.189776,2077817.83424245,1.98877,8.8512,0.84903,136.45566,12.55472,4.0,0.0,0.00501,18.7910914950644,105.59645057007981,18.7910914950644,105.59645057007981
562863.769765289,2076477.03409893,2.62924,8.94817,0.98629,440.71692,0.45392,3.0,0.02041,0.00882,18.778973884876628,105.59648933105618,18.778973884876628,105.59648933105618
562873.422232999,2075904.71145608,0.0,0.0,0.0,694.53448,0.0,7.0,0.0,0.00553,18.77380127786478,105.59656271616024,18.77380127786478,105.59656271616024
562876.191815878,2077942.22394598,0.0,0.0,0.0,21.57553,13.21869,4.0,0.0,0.00343,18.792215017426496,105.59665381588837,18.792215017426496,105.59665381588837
562876.270703739,2076429.22951003,1.86493,12.34847,2.11334,481.11502,0.13287,2.0,0.0,0.00831,18.77854147661916,105.59660642227435,18.77854147661916,105.59660642227435
562884.91515523,2077762.47034421,2.24345,4.70077,0.25298,178.56932,11.08987,6.0,0.0,0.00544,18.79059024851398,105.59673086877103,18.79059024851398,105.59673086877103
562885.461865201,2076296.45007406,0.60003,8.68407,0.65117,518.37433,0.00223,4.0,0.0,0.00679,18.777341216124043,105.59668940627232,18.777341216124043,105.59668940627232
562891.756552505,2077431.31251037,0.84009,12.36126,2.12953,214.94472,6.3096,1.0,0.0,0.00833,18.78759723599783,105.59678524369339,18.78759723599783,105.59678524369339
562893.695671775,2077284.02604521,1.84285,13.03542,2.36898,256.42227,5.65065,1.0,0.31139,0.01045,18.786266090526745,105.59679895513698,18.786266090526745,105.59679895513698
562897.372638218,2077912.16320988,1.63081,5.88978,0.32929,34.11391,12.68041,5.0,0.0,0.00378,18.791942704419085,105.5968538427035,18.791942704419085,105.5968538427035
562904.027510237,2077320.38039202,1.7324,10.97565,1.78867,256.42227,5.48663,2.0,0.15837,0.01039,18.78659432606112,105.59689814748126,18.78659432606112,105.59689814748126
562911.194138246,2077092.22686005,2.16348,6.47985,0.377,326.49704,3.33959,6.0,3.11863,0.01084,18.78453219380389,105.59695888532858,18.78453219380389,105.59695888532858
562914.623107654,2076322.05026753,0.53581,5.89101,0.28857,544.22119,0.0,5.0,0.0,0.00725,18.77757169184333,105.59696690661052,18.77757169184333,105.59696690661052
562914.7058766,2077829.50843106,2.04628,10.0841,0.95561,106.24718,11.62062,2.0,0.0,0.00469,18.791195194782304,105.5970156842583,18.791195194782304,105.5970156842583
562917.403532985,2076754.64707101,1.92145,6.22033,0.34116,416.69275,0.90204,4.0,2.37981,0.0107,18.78148116081228,105.5970070564585,18.78148116081228,105.5970070564585
562917.507116214,2077194.09211186,1.15906,5.37511,0.27981,298.37488,4.29021,5.0,1.18549,0.01093,18.78545259954268,105.59702202953763,18.78545259954268,105.59702202953763
562918.031893579,2075991.4025086,2.35986,6.47289,0.0,673.43665,0.0,4.0,0.0,0.00557,18.774583389140734,105.59698872792463,18.774583389140734,105.59698872792463
562921.853377345,2077454.65480723,1.23791,8.17344,0.90012,241.22179,5.35409,2.0,0.0,0.0088,18.787807276963306,105.59707156694789,18.787807276963306,105.59707156694789
562930.982633803,2076808.87949095,0.0286,8.90271,0.90552,421.27573,0.79417,5.0,3.65738,0.01085,18.781970869367715,105.59713762661168,18.781970869367715,105.59713762661168
562934.477822358,2077735.47669088,1.88764,5.22688,0.28605,195.37477,9.39886,6.0,0.0,0.00551,18.790344792885758,105.59720030258825,18.790344792885758,105.59720030258825
562940.45676906,2077096.36175866,1.65966,8.21111,0.84315,347.89502,2.49152,5.0,2.58882,0.01124,18.784568675048998,105.59723667644887,18.784568675048998,105.59723667644887
562941.87857549,2077399.74821265,1.28324,6.56712,0.35269,276.51215,4.41468,3.0,0.0,0.0096,18.787310456680146,105.59725983121774,18.787310456680146,105.59725983121774
562947.466079918,2076220.3837494,0.42065,11.45685,1.35813,600.4436,0.0,3.0,0.0,0.0063,18.776651894214034,105.59727528850875,18.776651894214034,105.59727528850875
562947.613926224,2077305.36884447,1.35476,10.88602,1.98882,303.78625,4.0232,3.0,0.1208,0.01061,18.78645733864102,105.59731124540714,18.78645733864102,105.59731124540714
562949.214975567,2076427.40767374,1.54811,11.92239,1.952,541.11163,0.0,2.0,0.04279,0.00847,18.778522800864447,105.5972984739118,18.778522800864447,105.5972984739118
562954.067865019,2076318.77517634,1.34415,5.78469,0.30373,586.22351,0.0,5.0,0.0,0.00725,18.777540897518637,105.59734105981249,18.777540897518637,105.59734105981249
562957.039377769,2077484.4782773,1.20008,11.48146,1.69053,266.8746,4.56547,2.0,0.00942,0.00889,18.788075735957435,105.59740638723059,18.788075735957435,105.59740638723059
562957.584729468,2077881.63184437,1.94187,5.7811,0.31695,43.15107,11.42377,4.0,0.0,0.00394,18.791664953468526,105.597424218939,18.791664953468526,105.597424218939
562959.348272439,2076606.57023978,1.55751,8.88766,0.88386,494.94574,0.03634,3.0,1.63821,0.01013,18.780141658392676,105.59740032676773,18.780141658392676,105.59740032676773
562970.595064531,2076862.88909423,0.67975,9.19437,0.9437,437.13754,0.53559,5.0,4.63743,0.01093,18.782457774242992,105.59751520552562,18.782457774242992,105.59751520552562
562971.010375679,2076922.49261113,0.7495,9.57709,0.77293,419.61499,0.81549,5.0,4.67896,0.0109,18.7829964226269,105.59752104524256,18.7829964226269,105.59752104524256
562977.784990148,2077797.0020146,2.24994,6.01156,0.31919,131.23885,9.75197,4.0,0.0,0.00479,18.790899507023457,105.59761319962296,18.790899507023457,105.59761319962296
562982.749948159,2077499.10902286,1.42985,10.89028,1.61106,285.62128,4.01387,0.0,0.07559,0.00831,18.788207179349136,105.59765081430345,18.788207179349136,105.59765081430345
562988.704890426,2076989.85103646,0.8224,5.68813,0.27089,423.89197,0.77788,6.0,4.27032,0.01103,18.783604630725694,105.59769108552199,18.783604630725694,105.59769108552199
562991.758953684,2077650.38579058,1.92279,5.26906,0.2966,282.34286,6.1966,6.0,0.0,0.00618,18.789574053914826,105.59774112179592,18.789574053914826,105.59774112179592
562993.224162409,2076865.79274968,0.5006,6.23522,0.30776,455.26419,0.28345,6.0,5.06776,0.01105,18.782483328908103,105.59773001235476,18.782483328908103,105.59773001235476
562994.956233161,2077606.95121719,1.54854,4.66155,0.27813,302.82703,5.03327,7.0,0.0,0.00646,18.789181421378334,105.59777007517653,18.789181421378334,105.59777007517653
562997.515370987,2076033.5971016,2.59718,5.06537,0.3541,724.06726,0.0,7.0,0.0,0.00571,18.774962308506723,105.59774420946789,18.774962308506723,105.59774420946789
562999.321036816,2076559.97336617,1.62737,10.04529,1.25534,552.28729,0.0,2.0,1.73132,0.00983,18.779719330530078,105.59777811472001,18.779719330530078,105.59777811472001
563005.901344825,2077788.24540812,1.71467,7.08943,0.34028,150.25621,8.90299,3.0,0.0,0.00494,18.7908195161844,105.59787971326371,18.7908195161844,105.59787971326371
563013.431355053,2077267.98288847,1.81996,11.07188,1.51876,374.4769,1.98825,2.0,0.22706,0.01161,18.786117468751193,105.5979345710012,18.786117468751193,105.5979345710012
563014.391573653,2076455.41031122,1.88169,8.31318,0.97555,590.18054,0.0,3.0,0.47301,0.0087,18.778773894277244,105.59791777479485,18.778773894277244,105.59791777479485
563017.215754341,2075938.98050475,2.4697,9.26415,0.0,792.88251,0.0,4.0,0.0,0.0058,18.774106621598325,105.59792811131645,18.774106621598325,105.59792811131645
563019.295779326,2075981.92714974,2.50766,8.22575,0.66552,769.64496,0.0,1.0,0.0,0.00578,18.774494684905566,105.59794921516041,18.774494684905566,105.59794921516041
563020.898929535,2076694.44587999,2.23199,6.60166,0.44067,533.74921,0.0,5.0,4.31969,0.01057,18.780933957881096,105.59798713868737,18.780933957881096,105.59798713868737
563034.9030733,2076446.09076672,1.73166,9.02005,1.05157,614.05042,0.0,4.0,0.47301,0.00862,18.778689046917005,105.59811209501872,18.778689046917005,105.59811209501872
563037.244099373,2078511.32414464,0.0,0.0,0.0,21.57553,12.45631,4.0,0.0,0.00189,18.797353308835127,105.5982002003137,18.797353308835127,105.5982002003137
563040.111926272,2077407.03113022,1.41264,7.26859,0.54278,366.3078,1.69498,3.0,0.18406,0.00978,18.787373292463958,105.59819216909835,18.787373292463958,105.59819216909835
563042.571294726,2077579.94593928,2.33022,6.5203,0.41473,345.20853,3.548,5.0,0.20177,0.00671,18.78893591738904,105.59822102280037,18.78893591738904,105.59822102280037
563044.41108724,2077117.92533194,2.35303,7.65715,0.85516,443.48083,0.55479,3.0,1.80317,0.01249,18.784760397551203,105.59822373840666,18.784760397551203,105.59822373840666
563048.534553641,2076267.5688501,2.74216,8.6998,0.84323,683.13062,0.0,4.0,0.0,0.00676,18.777075257788,105.59823573999854,18.777075257788,105.59823573999854
563048.600028104,2077161.01636936,1.07226,11.09788,1.84341,431.78027,0.58183,2.0,0.98529,0.01228,18.785149701175353,105.5982648601941,18.785149701175353,105.5982648601941
563058.828250034,2076075.20750329,1.50058,5.79421,0.35567,757.45178,0.0,6.0,0.0,0.00583,18.775336497176312,105.59832727276475,18.775336497176312,105.59832727276475
563060.9675941,2078818.88385568,0.0,0.0,0.0,69.07541,13.07388,4.0,0.0,0.00268,18.80013212315037,105.59843514176113,18.80013212315037,105.59843514176113
563066.480190555,2078797.34135841,1.09176,6.71119,0.0,84.25515,13.31554,4.0,0.0,0.00269,18.799937267616514,105.59848676484282,18.799937267616514,105.59848676484282
563070.382126863,2077896.9146005,1.29215,13.46605,0.0,68.22783,10.52616,1.0,0.0,0.00454,18.79179964256224,105.5984950335723,18.79179964256224,105.5984950335723
563070.624769495,2076461.47608339,2.09925,8.60426,0.89509,651.65607,0.0,4.0,0.60879,0.00847,18.778827005044516,105.59845152059212,18.778827005044516,105.59845152059212
563077.514169476,2078664.13680641,1.30513,8.17147,0.59459,150.25621,13.83492,3.0,0.0,0.00234,18.79873311108971,105.59858721483982,18.79873311108971,105.59858721483982
563077.563505394,2077349.09306158,0.87309,6.09705,0.30296,416.69275,0.91341,4.0,0.33898,0.011,18.786848544709173,105.59854568585646,18.786848544709173,105.59854568585646
563078.730794525,2076948.57087136,0.33735,9.32128,0.96214,518.37433,0.0,5.0,4.78556,0.01193,18.78322883045321,105.59854397683573,18.78322883045321,105.59854397683573
563079.712514299,2077764.11480469,0.49643,11.57007,0.0,188.40024,7.30951,2.0,0.04764,0.00572,18.790599194877803,105.59857932822723,18.790599194877803,105.59857932822723
563079.885140879,2076231.48160295,0.49839,6.83502,0.35677,722.13599,0.0,6.0,0.0,0.00638,18.776748170155876,105.59853204654108,18.776748170155876,105.59853204654108
563081.264131397,2076375.14996413,1.1152,6.19786,0.3817,691.25934,0.0,5.0,0.18736,0.00784,18.778046517585945,105.59854971452961,18.778046517585945,105.59854971452961
563081.582502947,2076728.81783287,1.15952,8.1082,0.61359,586.91797,0.0,5.0,6.30724,0.01121,18.781242747322896,105.59856402135692,18.781242747322896,105.59856402135692
563087.791071429,2076579.19577008,1.25739,6.38299,0.33015,628.289,0.0,4.0,2.92908,0.00996,18.779890363705377,105.59861815499237,18.779890363705377,105.59861815499237
563091.357518546,2076428.84290317,1.09274,5.45519,0.2623,672.05273,0.0,6.0,0.39971,0.00819,18.77853145564575,105.59864719581115,18.77853145564575,105.59864719581115
563092.565749304,2076174.48938853,1.15741,6.8183,0.36162,757.45178,0.0,6.0,0.0,0.00617,18.77623272293068,105.59865054268829,18.77623272293068,105.59865054268829
563103.111948164,2076759.77265073,1.56329,7.31349,0.43002,599.1825,0.0,6.0,7.34202,0.01138,18.781521843892996,105.59876928843418,18.781521843892996,105.59876928843418
563110.137330649,2078495.90077222,3.12366,5.84259,0.31608,48.24436,12.78855,5.0,0.0,0.0021,18.797211704294753,105.59889140931584,18.797211704294753,105.59889140931584
563115.715145484,2077510.65658996,1.62571,5.49808,0.25095,422.92996,0.97448,6.0,0.80827,0.00829,18.788307497876087,105.5989128548782,18.788307497876087,105.5989128548782
563117.793214999,2076030.99174641,2.7022,10.23825,1.20344,834.64136,0.0,4.0,0.0,0.00574,18.77493510935079,105.59888532184809,18.77493510935079,105.59888532184809
563118.544201127,2076804.32875271,1.53835,7.36719,0.51304,597.23712,0.0,6.0,7.59501,0.01165,18.781924045938197,105.59891713809164,18.781924045938197,105.59891713809164
563121.952466395,2077903.94345843,1.56469,10.70528,0.0,77.79169,10.62498,3.0,0.0,0.00527,18.7918615961644,105.59898460587375,18.7918615961644,105.59898460587375
563132.526196884,2077783.71823647,0.50098,11.25677,0.0,191.15971,6.92184,3.0,0.1518,0.00615,18.79077475187574,105.59908109687123,18.79077475187574,105.59908109687123
563133.386587706,2078546.45618611,2.66496,6.00334,0.40017,96.48872,13.1211,6.0,0.0,0.00244,18.797667885254477,105.59911364351913,18.797667885254477,105.59911364351913
563139.063525236,2076643.10416964,2.21982,5.9901,0.33304,662.37238,0.0,6.0,5.92894,0.0106,18.780466370398386,105.59910668319455,18.780466370398386,105.59910668319455
563141.552179675,2077936.46759723,1.59253,6.25843,0.0,55.00703,11.42896,3.0,0.0,0.00534,18.792154932899013,105.59917162605907,18.792154932899013,105.59917162605907
563150.289769319,2078782.71214481,2.30049,6.23213,0.0,159.27946,13.91557,3.0,0.0,0.00302,18.799802506365687,105.59928159886886,18.799802506365687,105.59928159886886
563150.999203855,2076295.11927661,3.20778,8.89263,0.8378,777.91687,0.0,4.0,0.0,0.00658,18.777321127290147,105.59920881610505,18.777321127290147,105.59920881610505
563151.990354328,2077593.33435679,0.62904,9.81427,1.11832,376.80048,1.94371,4.0,1.03858,0.0079,18.78905358538943,105.59925970374105,18.78905358538943,105.59925970374105
563152.42339211,2076699.54263235,0.99005,5.98019,0.32047,658.40735,0.0,7.0,6.7009,0.0111,18.780976020958164,105.59923524881678,18.780976020958164,105.59923524881678
563152.664005806,2077322.96997797,2.3825,4.63882,0.28362,494.94574,0.06726,7.0,0.46117,0.01134,18.78661017521425,105.5992574539599,18.78661017521425,105.5992574539599
563153.072473721,2076672.88187871,1.30443,5.68931,0.30546,664.65247,0.0,7.0,6.7009,0.01086,18.780735057265137,105.59924055570382,18.780735057265137,105.59924055570382
563156.884587792,2078693.15253947,1.40845,9.21866,0.0,228.58868,14.20431,1.0,0.0,0.00307,18.798992920945793,105.59934131467433,18.798992920945793,105.59934131467433
563162.727094133,2076094.81875236,2.59272,6.22032,0.35146,847.37201,0.0,6.0,0.0,0.00565,18.775510573308452,105.59931369299218,18.775510573308452,105.59931369299218
563163.303881522,2077678.22751476,0.96266,8.06064,0.75708,303.78625,3.87166,4.0,0.82972,0.0074,18.78982045376189,105.59936976958528,18.78982045376189,105.59936976958528
563165.802554536,2077344.1023819,3.60135,5.03319,0.29371,498.10983,0.04377,6.0,0.83475,0.01096,18.786800757114353,105.5993827965524,18.786800757114353,105.5993827965524
563169.690491401,2075966.56955397,0.75132,10.06701,1.33686,911.93329,0.0,4.0,0.0,0.00566,18.774351321192295,105.59937566475209,18.774351321192295,105.59937566475209
563169.882281959,2077773.51725545,0.60527,10.91713,0.0,217.09961,6.17443,3.0,0.35984,0.00715,18.79068142419373,105.59943523800548,18.79068142419373,105.59943523800548
563176.485919255,2076843.48966185,0.33957,10.71134,1.30633,637.93927,0.0,5.0,7.92513,0.01192,18.78227619552633,105.59946816305182,18.78227619552633,105.59946816305182
563178.437892642,2078724.41248993,0.65187,10.72112,0.0,221.34645,14.15907,1.0,0.0,0.00316,18.799274772372396,105.59954684159112,18.799274772372396,105.59954684159112
563190.249276392,2076547.50765821,1.47208,7.762,0.5848,740.90833,0.0,4.0,2.57395,0.00905,18.779600868382616,105.59958929305115,18.779600868382616,105.59958929305115
563192.894816664,2077263.69779376,3.2069,6.56159,0.4175,549.75287,0.0,4.0,0.64225,0.01211,18.78607328395275,105.59963729423141,18.78607328395275,105.59963729423141
563193.276370575,2075909.58841594,2.40287,5.53348,0.33669,956.7113,0.0,4.0,0.0,0.00577,18.773835641605658,105.59959762566216,18.773835641605658,105.59959762566216
563195.25135694,2076468.04941059,1.09031,8.64143,0.95343,761.66516,0.0,4.0,1.18458,0.00809,18.77888261990192,105.59963421391811,18.77888261990192,105.59963421391811
563196.149010131,2078561.21411664,1.37773,7.97903,0.61215,149.86844,13.06715,3.0,0.0,0.00288,18.797799346193713,105.59970968507028,18.797799346193713,105.59970968507028
563196.41408563,2076165.39655212,1.50346,5.60039,0.36974,853.52985,0.0,7.0,0.0,0.00593,18.776147388263617,105.5996355717544,18.776147388263617,105.5996355717544
563197.203163064,2076262.04475618,2.62005,6.62213,0.37855,828.97504,0.0,6.0,0.0,0.00619,18.77702081321848,105.59964614781028,18.77702081321848,105.59964614781028
563197.430548093,2076752.04360255,1.62975,6.12959,0.36545,685.68115,0.0,6.0,7.8546,0.01144,18.781449123133438,105.59966397016129,18.781449123133438,105.59966397016129
563200.414011589,2077036.09306741,1.49341,5.93334,0.31014,624.29395,0.0,5.0,2.95296,0.01294,18.784016100659887,105.59970136160663,18.784016100659887,105.59970136160663
563203.326809459,2076307.77357743,4.16157,8.12335,0.69292,825.66949,0.0,3.0,0.0,0.00609,18.777433896619247,105.59970571149354,18.777433896619247,105.59970571149354
563207.530576421,2075924.84466749,0.0,0.0,0.0,960.8382,0.0,2.0,0.0,0.00567,18.77397308463872,105.59973335620533,18.77397308463872,105.59973335620533
563210.150903291,2076576.97144123,1.05822,5.68412,0.29257,743.10406,0.0,5.0,3.27173,0.00941,18.77986653838239,105.59977906685617,18.77986653838239,105.59977906685617
563212.139469064,2077178.92443159,1.01906,11.73339,1.92256,594.20911,0.0,2.0,0.76517,0.01299,18.785306567221845,105.59981718743768,18.785306567221845,105.59981718743768
563215.568008081,2076909.67397891,0.89666,6.74298,0.38536,662.28448,0.0,6.0,6.87504,0.01197,18.782873139370704,105.59984110652884,18.782873139370704,105.59984110652884
563216.23037739,2078830.20967484,1.594,8.23724,0.0,118.66543,13.36158,2.0,0.0,0.00317,18.80022974987585,105.59990885549394,18.80022974987585,105.59990885549394
563222.141200547,2077900.13252257,1.56106,14.16988,0.0,120.61089,9.37804,3.0,0.06755,0.00727,18.791824103505,105.59993516866396,18.791824103505,105.59993516866396
563227.314850346,2077488.94586726,0.93398,6.93608,0.42346,506.56577,0.09624,5.0,2.33928,0.00956,18.78810789092881,105.59997110063887,18.78810789092881,105.59997110063887
563230.927996118,2077427.9804503,1.34768,8.04757,0.71935,541.75641,0.0,5.0,2.19709,0.01079,18.787556812321903,105.600003433685,18.787556812321903,105.600003433685
563233.478293822,2077085.48962029,1.53126,8.40075,0.77869,638.66858,0.0,4.0,2.40447,0.01335,18.78446150952444,105.6000166725802,18.78446150952444,105.6000166725802
563234.451060213,2076444.79747665,1.78187,7.61516,0.59092,809.08246,0.0,5.0,0.61724,0.00718,18.778671288871685,105.60000540523325,18.778671288871685,105.60000540523325
563235.351198872,2075889.43504338,0.0,0.0,0.0,0.0,0.0,0.0,0.0,0.0,18.773652226233015,105.5999961841996,18.773652226233015,105.5999961841996
563237.699458153,2078626.93654135,1.86943,12.19419,0.0,226.7998,13.46845,1.0,0.0,0.00382,18.798392038003378,105.60010607346044,18.798392038003378,105.60010607346044
563242.10743646,2077882.5741654,2.07579,13.77601,0.0,143.92676,8.7757,1.0,0.06755,0.00768,18.791664813040466,105.60012406482633,18.791664813040466,105.60012406482633
563247.045518227,2078025.24224296,0.73956,7.13289,0.0,21.57553,12.43574,3.0,0.0,0.00602,18.79295400938266,105.60017549026261,18.79295400938266,105.60017549026261
563248.147230368,2075911.18050319,0.0,0.0,0.0,1003.90009,0.0,1.0,0.0,0.00556,18.773848359014895,105.60011828740582,18.773848359014895,105.60011828740582
563248.217572695,2076206.85600588,0.98898,6.55501,0.39511,895.05957,0.0,6.0,0.0,0.00564,18.776520496349907,105.60012841251093,18.776520496349907,105.60012841251093
563264.103197672,2077703.95808906,2.10015,7.25041,0.65188,318.74155,3.36887,4.0,1.5068,0.00915,18.790049919014944,105.60032706054709,18.790049919014944,105.60032706054709
563264.509258287,2075995.82491207,1.19764,12.15723,1.8082,974.96588,0.0,3.0,0.0,0.00511,18.774612826397572,105.60027623720251,18.774612826397572,105.60027623720251
563268.484219227,2077344.50988178,2.25302,9.07894,0.9985,601.79883,0.0,4.0,2.11826,0.01209,18.78680131084241,105.60035712045638,18.78680131084241,105.60035712045638
563269.463703453,2076551.66811359,1.44276,8.34824,0.67734,811.09369,0.0,4.0,1.99217,0.00821,18.779636054699672,105.60034103261339,18.779636054699672,105.60034103261339
563269.988232819,2076731.76344342,1.53014,6.57225,0.40136,764.10602,0.0,5.0,6.4195,0.01011,18.781263632288727,105.60035177404579,18.781263632288727,105.60035177404579
563273.079132663,2077929.92266903,2.76377,12.70549,0.0,116.1878,9.68052,1.0,0.02509,0.0078,18.792091775226947,105.60041946969092,18.792091775226947,105.60041946969092
563275.143381,2078861.86849931,0.58139,7.51602,0.0,86.30213,12.54955,3.0,0.0,0.00326,18.800514065289768,105.60046891963562,18.800514065289768,105.60046891963562
563276.987199636,2077462.64855665,1.25086,7.35319,0.54328,546.88763,0.00187,6.0,2.70926,0.01087,18.78786871719059,105.60044158578737,18.78786871719059,105.60044158578737
563277.027694646,2076594.06919491,1.73658,7.39333,0.54641,812.16907,0.0,4.0,3.40377,0.00912,18.780019019656766,105.60041415896244,18.780019019656766,105.60041415896244
563277.831336878,2076789.3161612,2.83353,6.38879,0.38197,756.14471,0.0,5.0,7.18615,0.01056,18.78178352002671,105.60042803463794,18.78178352002671,105.60042803463794
563283.160130809,2077710.49344571,2.10015,7.25041,0.65188,318.55893,3.5201,4.0,1.75124,0.00915,18.790108400239326,105.60050809801231,18.790108400239326,105.60050809801231
563293.446950313,2077991.30047097,1.38763,5.98522,0.0,62.90295,10.96295,5.0,0.0,0.00704,18.792645848752343,105.60061470570585,18.792645848752343,105.60061470570585
563293.665548951,2077566.95407906,1.16853,7.28319,0.57287,450.76859,0.50547,6.0,2.95986,0.0103,18.788810858289402,105.60060318343079,18.788810858289402,105.60060318343079
563299.311502916,2076083.97282628,1.16981,11.0798,1.44907,982.57544,0.0,4.0,0.0,0.00477,18.77540839393186,105.60060926172035,18.77540839393186,105.60060926172035
563302.20277497,2078429.37164636,2.2013,9.14148,0.0,82.15718,11.38077,1.0,0.00037,0.00482,18.79660459979873,105.60071183121389,18.79660459979873,105.60071183121389
563302.406059921,2076673.76546285,1.36457,9.25338,0.97452,809.08246,0.0,3.0,5.04676,0.00915,18.780738492753173,105.60065750808921,18.780738492753173,105.60065750808921
563306.331674023,2077012.20442207,0.99724,9.29442,0.94136,723.50452,0.0,4.0,3.82874,0.01335,18.783796980549013,105.60070559590721,18.783796980549013,105.60070559590721
563313.768987594,2078049.77097738,1.93293,5.8702,0.0,24.12218,11.64932,5.0,0.00849,0.00645,18.793173649047603,105.60080941544004,18.793173649047603,105.60080941544004
563315.894426329,2076321.31438533,3.49824,6.25578,0.36283,921.70721,0.0,5.0,0.0,0.00525,18.777552839618178,105.60077420128906,18.777552839618178,105.60077420128906
563316.764438953,2078473.54511594,1.19432,8.43537,0.70552,125.80589,11.18429,0.0,0.0,0.00465,18.797003367755728,105.60085142621801,18.797003367755728,105.60085142621801
563321.791779409,2077624.09061686,0.45381,10.87627,1.53517,415.01367,1.22818,5.0,2.85812,0.01025,18.789326365110565,105.60087189798662,18.789326365110565,105.60087189798662
563322.048754468,2078745.43488218,1.92033,8.93395,0.73649,202.68373,12.84928,1.0,0.0,0.00388,18.79946037809082,105.60091028997282,18.79946037809082,105.60091028997282
563324.794588103,2078521.45673758,3.44446,5.59505,0.38993,168.85526,11.34439,5.0,0.0,0.00469,18.797436118188674,105.60092916263409,18.797436118188674,105.60092916263409
563329.175294627,2076896.1353087,0.63322,6.7729,0.3609,772.06042,0.0,6.0,5.49731,0.0122,18.78274732084121,105.6009186279307,18.78274732084121,105.6009186279307
563329.881038289,2078586.90440119,1.93057,5.32904,0.27745,231.62317,11.81119,6.0,0.0,0.00486,18.798027438395362,105.60097952837097,18.798027438395362,105.60097952837097
563335.063581992,2078872.53447587,1.55482,8.21125,0.58425,75.51437,11.99066,3.0,0.0,0.0033,18.80060862785428,105.60103786985839,18.80060862785428,105.60103786985839
563343.209853765,2075941.58009868,0.0,0.0,0.0,1020.9696,0.0,4.0,0.0,0.0049,18.774120194194747,105.60102120854542,18.774120194194747,105.60102120854542
563347.029587665,2078895.15185968,1.4082,8.73442,0.0,53.93883,11.71527,3.0,0.0,0.00305,18.80081266408962,105.60115214614052,18.80081266408962,105.60115214614052
563352.552216857,2077329.43832326,1.19229,7.81964,0.53629,688.13776,0.0,6.0,3.08673,0.01363,18.786662537667105,105.60115432928976,18.786662537667105,105.60115432928976
563357.47557021,2077413.20739094,0.9023,6.03187,0.31752,625.03912,0.0,7.0,3.63194,0.01293,18.78741944125341,105.6012037313798,18.78741944125341,105.6012037313798
563361.44555193,2078306.17268617,0.0,0.0,0.0,24.12218,11.26541,1.0,0.52652,0.006,18.795489393943626,105.60127004489335,18.795489393943626,105.60127004489335
563362.866978916,2076428.33154692,4.48173,7.5962,0.61223,939.5271,0.0,4.0,0.03454,0.00438,18.778518563235348,105.60122331316522,18.778518563235348,105.60122331316522
563367.270404628,2076583.21424983,2.08988,9.90082,1.283,897.98035,0.0,2.0,1.73758,0.00701,18.779918165726222,105.60127005848442,18.779918165726222,105.60127005848442
563372.310866372,2076487.27707311,1.56696,9.52427,1.04381,921.70721,0.0,1.0,0.14671,0.00505,18.779050989217858,105.60131480815595,18.779050989217858,105.60131480815595
563376.645165177,2077127.59769997,1.36045,8.43525,0.76866,764.10602,0.0,4.0,2.75986,0.01359,18.78483768865756,105.60137646505943,18.78483768865756,105.60137646505943
563378.513087135,2076200.95082993,2.40648,6.5613,0.68057,1023.01929,0.0,5.0,0.0,0.00417,18.776463154706626,105.60136447717413,18.776463154706626,105.60136447717413
563378.72766629,2078033.69346451,3.05875,5.57649,0.33094,69.07541,9.91015,5.0,0.11601,0.00717,18.793026366109935,105.60142529304393,18.793026366109935,105.60142529304393
563384.13691256,2078391.6972777,1.60347,12.14874,2.0635,91.53723,10.24111,1.0,0.47734,0.00576,18.796261618953935,105.60148811147874,18.796261618953935,105.60148811147874
563387.523333744,2076363.78833323,2.11746,6.02756,0.36521,979.07526,0.0,6.0,0.0,0.00342,18.777934507486663,105.60145518783484,18.777934507486663,105.60145518783484
563388.715486364,2076227.20991824,2.40648,6.5613,0.36559,1026.87976,0.0,5.0,0.0,0.00354,18.776700157116103,105.60146212016959,18.776700157116103,105.60146212016959
563389.614039349,2076983.11170272,1.04547,9.45634,0.80202,812.02576,0.0,4.0,3.6716,0.01359,18.783531515473992,105.6014948861647,18.783531515473992,105.6014948861647
563392.964088938,2076327.03608811,1.83428,7.16932,0.47997,989.30353,0.0,6.0,0.0,0.003,18.77760219654735,105.60150563209884,18.77760219654735,105.60150563209884
563397.465284227,2078504.23987415,4.60299,6.05708,0.43294,192.97743,10.10666,4.0,0.03363,0.0054,18.79727830194139,105.60161820010615,18.79727830194139,105.60161820010615
563400.613566571,2076543.74623021,1.18164,9.95979,1.29865,938.2876,0.0,2.0,0.54971,0.00632,18.77956045914621,105.60158516143692,18.77956045914621,105.60158516143692
563405.735394881,2077099.32119015,1.70635,6.85635,0.42923,803.30841,0.0,6.0,3.05629,0.0139,18.784581253893432,105.60165158165191,18.784581253893432,105.60165158165191
563407.030778315,2077547.76606554,1.04486,10.45728,1.35481,517.02557,0.05148,4.0,3.93008,0.01189,18.78863398648272,105.60167826362127,18.78863398648272,105.60167826362127
563407.039629891,2078563.5775158,3.49309,5.54342,0.21809,246.23535,10.53421,4.0,0.01049,0.00518,18.797814266056797,105.6017109588278,18.797814266056797,105.6017109588278
563408.287261597,2078211.25554275,0.0,0.0,0.0,32.3633,10.52435,5.0,1.13015,0.0,18.794630159382915,105.60171148477002,18.794630159382915,105.60171148477002
563411.452119806,2078619.82826028,2.02656,8.95649,0.87601,244.09929,11.10662,3.0,0.0,0.00541,18.798322490505143,105.60175463665873,18.798322490505143,105.60175463665873
563411.822541433,2078139.56715726,2.40306,6.34367,0.0,44.4791,10.26032,4.0,0.63918,0.00777,18.793982175768683,105.60174272957188,18.793982175768683,105.60174272957188
563412.701778422,2077478.40591833,0.89403,10.11368,1.26274,587.11621,0.0,5.0,4.11821,0.01308,18.7880069784008,105.60172984812627,18.7880069784008,105.60172984812627
563418.415366371,2078658.63987807,1.76876,6.15789,0.32932,206.09999,11.415,5.0,0.0,0.00503,18.798673032863263,105.60182195960341,18.798673032863263,105.60182195960341
563418.434703684,2076285.89608846,0.48678,5.71649,0.27946,1034.10742,0.0,6.0,0.0,0.00257,18.777229619809315,105.60174598111116,18.777229619809315,105.60174598111116
563422.050035757,2077119.31598475,0.57153,5.95713,0.31028,808.57886,0.0,7.0,3.05629,0.01394,18.78476145608663,105.60180702527633,18.78476145608663,105.60180702527633
563422.660512381,2077522.65336113,0.81284,9.79403,1.12546,541.11163,0.0,5.0,4.08249,0.01238,18.78840655535613,105.60182576415676,18.78840655535613,105.60182576415676
563428.559890996,2078870.11998707,2.0095,7.09676,0.4945,48.24436,11.84256,3.0,0.0,0.00292,18.80058394842815,105.60192501853021,18.80058394842815,105.60192501853021
563433.700616787,2077540.53533825,0.81284,9.79403,1.12546,535.5993,0.00881,5.0,4.07182,0.01238,18.788567824176685,105.60193109499549,18.788567824176685,105.60193109499549
563434.266491626,2076925.40299119,1.28683,5.00241,0.29207,868.66638,0.0,7.0,3.03574,0.01277,18.783008614429633,105.60191671725977,18.783008614429633,105.60191671725977
563438.445695083,2078748.04562548,2.0122,5.15666,0.32528,135.17033,11.87195,6.0,0.0,0.00417,18.799480413692898,105.60201490645575,18.799480413692898,105.60201490645575
563438.6810859,2077580.75757026,1.09139,6.40325,0.36793,498.8103,0.11466,6.0,3.67342,0.01205,18.788931175844212,105.60197964498056,18.788931175844212,105.60197964498056
563443.384955086,2076970.34521445,2.9835,8.35323,0.75349,869.53687,0.0,4.0,3.08723,0.01301,18.783414496265824,105.60200467996465,18.783414496265824,105.60200467996465
563446.389855613,2076995.42003029,1.29693,9.6317,1.13842,859.77887,0.0,3.0,3.11977,0.01313,18.783641015387875,105.60203399684622,18.783641015387875,105.60203399684622
563449.775717973,2076860.95210369,0.77517,8.3014,0.74181,905.46582,0.0,5.0,2.81727,0.01187,18.782425672097865,105.60206180647506,18.782425672097865,105.60206180647506
563450.765728318,2077698.46425611,1.0268,6.37709,0.3906,395.63315,1.10746,6.0,2.24504,0.0114,18.78999456728469,105.60209809389406,18.78999456728469,105.60209809389406
563455.385127448,2078605.69646685,2.84182,8.75497,0.95211,218.43562,10.63296,2.0,0.02145,0.00558,18.798193431887427,105.60217107582118,18.798193431887427,105.60217107582118
563461.932546899,2076784.38587281,1.8851,7.33633,0.49436,935.11957,0.0,5.0,1.3672,0.01046,18.781733341016913,105.60217469695105,18.781733341016913,105.60217469695105
563463.386666206,2076083.23791182,0.02779,7.72548,0.49114,960.11121,0.0,5.0,0.0,0.0025,18.775396742641803,105.6021659856192,18.775396742641803,105.6021659856192
563467.117175399,2076923.90600287,2.41086,5.66263,0.30587,900.05151,0.0,6.0,2.51473,0.01265,18.78299408101897,105.60222837088067,18.78299408101897,105.60222837088067
563471.998113672,2078887.40650511,0.0,0.0,0.0,10.78777,11.93778,2.0,0.0,0.00306,18.80073884359975,105.60233777798439,18.80073884359975,105.60233777798439
563475.340158768,2077199.67270822,0.4726,9.71311,1.06602,837.35583,0.0,5.0,3.40449,0.01477,18.785486041671174,105.60231525176322,18.785486041671174,105.60231525176322
563478.591378055,2077889.31234832,2.12282,10.54354,1.36546,237.5759,4.37925,3.0,0.58805,0.01031,18.791718483918398,105.60236825964894,18.791718483918398,105.60236825964894
563479.109376819,2077736.15892225,1.32055,9.91953,1.3491,376.33694,1.40174,5.0,1.81747,0.01137,18.790334361332654,105.60236825321712,18.790334361332654,105.60236825321712
563479.526074776,2077131.05324011,1.57786,6.9846,0.49328,858.22095,0.0,6.0,3.27737,0.01409,18.78486577254234,105.6023527658177,18.78486577254234,105.6023527658177
563481.488576623,2077492.05733487,0.23698,7.1846,0.42768,594.992,0.0,6.0,4.08473,0.01347,18.788128247666503,105.60238298531642,18.788128247666503,105.60238298531642
563484.111093946,2077550.23795838,0.7158,6.15425,0.31029,545.50269,0.0,6.0,3.80893,0.01288,18.788653968344658,105.6024097391693,18.788653968344658,105.6024097391693
563487.644488322,2075883.23728356,0.0,0.0,0.0,871.40851,0.0,2.0,0.0,0.00316,18.773588514698307,105.60238972282247,18.773588514698307,105.60238972282247
563490.394683678,2078441.61932533,1.79447,6.98309,0.56158,198.91658,8.56935,4.0,1.3989,0.00664,18.79670953251505,105.60249801580386,18.79670953251505,105.60249801580386
563493.561820151,2077444.10428164,0.71072,8.21684,0.69835,649.06146,0.0,6.0,4.15944,0.01448,18.787694507739886,105.60249600394906,18.787694507739886,105.60249600394906
563496.400426194,2078731.0794272,2.7423,6.45409,0.44978,99.45829,11.83392,4.0,0.0,0.00481,18.79932530941709,105.60256431415122,18.79932530941709,105.60256431415122
563500.690474652,2078185.28323669,1.40368,6.97172,0.46957,119.15477,7.44222,5.0,2.36286,0.00828,18.79439261007786,105.60258747199813,18.79439261007786,105.60258747199813
563504.544040194,2076759.31839429,1.1475,9.2295,0.86686,982.69391,0.0,3.0,0.64275,0.00997,18.781505492717315,105.60257820501742,18.781505492717315,105.60257820501742
563506.5107204,2076923.98102658,1.66386,10.16318,1.36773,942.00116,0.0,3.0,2.0644,0.01191,18.782993553743424,105.60260215646632,18.782993553743424,105.60260215646632
563507.275412828,2077742.14743602,1.09442,6.60264,0.50276,381.40515,1.30954,6.0,1.75424,0.01152,18.790387619625662,105.60263570897396,18.790387619625662,105.60263570897396
563508.922288573,2078797.98937937,1.63992,8.96397,0.93931,53.93883,12.32547,2.0,0.0,0.00407,18.79992961636045,105.60268529087686,18.79992961636045,105.60268529087686
563509.845844811,2076590.91461008,0.81744,6.07102,0.31085,1030.33057,0.0,4.0,0.054,0.00707,18.77998339874769,105.60262309954227,18.77998339874769,105.60262309954227
563512.006368538,2077602.62337964,0.88611,9.31761,0.84747,506.56577,0.0408,5.0,3.4737,0.01285,18.78912654181632,105.60267611464734,18.78912654181632,105.60267611464734
563513.735366013,2077249.61730427,0.90275,10.6475,1.30916,837.35583,0.0,5.0,3.72744,0.01525,18.785936235469393,105.60268117296293,18.785936235469393,105.60268117296293
563518.199279484,2077806.09167953,2.59666,5.7519,0.32359,332.32623,1.98227,5.0,1.22093,0.01133,18.790965173954792,105.60274142002275,18.790965173954792,105.60274142002275
563522.459911724,2078095.0265708,1.87806,12.7073,0.0,160.37167,6.20363,0.0,1.62099,0.00895,18.793576259253854,105.60279114084136,18.793576259253854,105.60279114084136
563524.673549482,2075926.87480705,2.66213,8.29013,0.0,842.62061,0.0,2.0,0.0,0.00216,18.77398175188481,105.60274245303927,18.77398175188481,105.60274245303927
563526.64237762,2076920.85301323,1.66386,10.16318,1.36773,963.01587,0.0,3.0,1.73306,0.01191,18.782964668413403,105.60279307387496,18.782964668413403,105.60279307387496
563534.290356259,2076212.22396957,1.24184,10.02901,1.08157,966.4538,0.0,3.0,0.0,0.00151,18.776560272439365,105.6028428653756,18.776560272439365,105.6028428653756
563538.577383539,2077993.29527638,0.58131,6.57974,0.38441,224.47888,4.71015,4.0,0.70211,0.01042,18.792656380740635,105.60294080730411,18.792656380740635,105.60294080730411
563539.936152732,2077764.97905017,2.033,5.10727,0.25174,380.0296,1.22518,6.0,1.46806,0.01169,18.790592957443785,105.6029463562384,18.790592957443785,105.6029463562384
563543.062267253,2075907.76581969,2.71887,6.30597,0.0,825.66949,0.0,4.0,0.0,0.00172,18.773808493525465,105.6029163099096,18.773808493525465,105.6029163099096
563543.858202591,2076318.45269778,2.93669,5.84721,0.27642,994.58289,0.0,5.0,0.0,0.00196,18.777520010993715,105.60293706002561,18.777520010993715,105.60293706002561
563546.549533732,2077384.49847441,1.17905,5.64178,0.34743,719.63379,0.0,8.0,4.28649,0.01545,18.787154204357968,105.60299687138212,18.787154204357968,105.60299687138212
563553.580653975,2076952.99932362,1.02143,11.43033,1.81063,975.68176,0.0,3.0,1.76631,0.01207,18.78325436235946,105.60304970968602,18.78325436235946,105.60304970968602
563553.745286208,2075879.44925639,2.87244,7.28516,0.0,806.12842,0.0,3.0,0.0,0.002,18.773552258344075,105.60301675951733,18.773552258344075,105.60301675951733
563556.163557636,2078419.56556029,1.01651,11.04295,1.44215,250.91705,7.38526,3.0,3.10058,0.0069,18.796508209246277,105.60312140028194,18.796508209246277,105.60312140028194
563562.479163346,2077417.86274162,1.41448,5.59169,0.28377,694.78577,0.0,8.0,4.26744,0.01556,18.787455242195968,105.60314909570167,18.787455242195968,105.60314909570167
563566.207511814,2077330.32798376,1.65677,7.49625,0.52011,773.41589,0.0,7.0,4.02058,0.0157,18.786664042283427,105.60318165668821,18.786664042283427,105.60318165668821
563571.025858622,2078326.2898948,1.96156,6.0843,0.36242,217.09961,6.29636,6.0,4.51593,0.00784,18.795664785953395,105.60325942874773,18.795664785953395,105.60325942874773
563574.976127855,2076820.37114399,2.81078,5.8858,0.21754,974.72711,0.0,5.0,0.33381,0.01029,18.782055093909108,105.60324845330604,18.782055093909108,105.60324845330604
563581.528959451,2076175.24445624,1.71529,8.90187,0.92924,903.60022,0.0,3.0,0.0,0.00149,18.776224627401966,105.60328987964775,18.776224627401966,105.60328987964775
563587.028144198,2077013.77476977,0.95001,6.6428,0.35425,991.65338,0.0,5.0,2.19636,0.01225,18.78380258917715,105.6033690299876,18.78380258917715,105.6033690299876
563587.909023347,2076056.02762822,1.55,5.89496,0.32124,844.27631,0.0,4.0,0.0,0.00142,18.775147021825667,105.60334658009454,18.775147021825667,105.60334658009454
563591.453704588,2075955.67976651,1.83893,7.48344,0.0,789.27832,0.0,3.0,0.0,0.00131,18.774240029402176,105.60337698489599,18.774240029402176,105.60337698489599
563595.006819999,2078808.39127186,0.0,0.0,0.0,21.57553,13.04475,0.0,0.0,0.0,18.800020983059348,105.60350251516707,18.800020983059348,105.60350251516707
563597.251245017,2077036.69237639,1.08654,8.68433,0.78073,996.21967,0.0,5.0,2.44049,0.01265,18.784009391243693,105.60346676919306,18.784009391243693,105.60346676919306
563598.478684272,2076008.50968239,1.94107,8.66178,0.0,810.73492,0.0,1.0,0.0,0.00136,18.774717259333233,105.60344533665999,18.774717259333233,105.60344533665999
563599.129785785,2078725.39377256,2.71372,5.4758,0.3141,30.51241,12.39964,4.0,0.0,0.00553,18.799270776930072,105.60353896591904,18.799270776930072,105.60353896591904
563601.828566517,2078487.22433624,3.22784,9.38587,1.33037,202.68373,7.94764,3.0,2.24345,0.00738,18.797118266967637,105.60355690359353,18.797118266967637,105.60355690359353
563602.237261313,2077084.93966125,0.85839,8.15547,0.69954,994.40741,0.0,5.0,2.61571,0.01288,18.784445268004028,105.60351563176758,18.784445268004028,105.60351563176758
563603.752875066,2078688.34445329,2.53594,5.40315,0.31008,45.76862,11.71216,4.0,0.02653,0.0059,18.798935806433974,105.60358164246738,18.798935806433974,105.60358164246738
563607.084497705,2077830.47608063,1.43719,9.51214,1.12164,373.85486,1.19513,2.0,1.16183,0.01168,18.791182821124735,105.60358562657225,18.791182821124735,105.60358562657225
563615.406459182,2077110.49139206,0.46567,8.66577,0.8506,999.48529,0.0,5.0,2.59203,0.01348,18.78467578524522,105.60364141046543,18.78467578524522,105.60364141046543
563615.761223191,2078013.68822408,2.85993,7.73987,0.81578,280.48193,3.05766,3.0,1.3372,0.01069,18.792838313414986,105.60367385977675,18.792838313414986,105.60367385977675
563615.792285935,2078591.3897544,2.26108,9.91435,1.14424,101.77158,9.80715,0.0,0.81686,0.00682,18.79805922083508,105.60369276450328,18.79805922083508,105.60369276450328
563616.703413567,2076670.19144148,1.21841,5.73967,0.27954,927.81061,0.0,5.0,0.0,0.00753,18.78069658196388,105.60363954412782,18.78069658196388,105.60363954412782
563619.032311683,2076023.36336835,1.54859,8.91923,0.0,800.91443,0.0,1.0,0.0,0.00142,18.774850868264636,105.60364082679439,18.774850868264636,105.60364082679439
563624.404524085,2075865.99223372,0.0,0.0,0.0,730.54767,0.0,0.0,0.0,0.00132,18.77342847760692,105.60368673483686,18.77342847760692,105.60368673483686
563624.441372222,2077259.12772543,0.44633,8.78178,0.74919,868.7334,0.0,6.0,3.38701,0.01537,18.786018792701082,105.60373192424386,18.786018792701082,105.60373192424386
563636.555265221,2076832.88798857,2.54486,11.37249,1.88246,912.57111,0.0,1.0,0.31764,0.0098,18.782166326032055,105.60383314272718,18.782166326032055,105.60383314272718
563636.702157222,2077662.83449158,0.68022,6.47758,0.31592,515.67328,0.00374,6.0,2.14081,0.01274,18.789666871041387,105.60386126494741,18.789666871041387,105.60386126494741
563641.079452042,2076341.0162125,1.69424,11.50991,1.80648,905.46582,0.0,3.0,0.0,0.00211,18.77772094781398,105.60386023410518,18.77772094781398,105.60386023410518
563642.588392993,2078489.61832855,3.64222,6.39138,0.49717,188.40024,7.52463,4.0,2.86666,0.00777,18.797138651616326,105.60394375995317,18.797138651616326,105.60394375995317
563642.868516965,2076152.12011049,0.82692,7.81215,0.74414,831.77808,0.0,4.0,0.0,0.0016,18.77601376373366,105.60387112848291,18.77601376373366,105.60387112848291
563643.646034287,2076893.15303931,3.19374,10.38725,1.46495,909.8891,0.0,3.0,0.85456,0.01061,18.78271074747998,105.60390236332066,18.78271074747998,105.60390236332066
563645.766733166,2077813.40941524,1.40252,9.79532,1.10094,420.16931,0.53856,3.0,1.1615,0.01195,18.7910273964286,105.60395212828661,18.7910273964286,105.60395212828661
563647.450555957,2077005.7721529,0.82148,6.66818,0.35312,938.2876,0.0,5.0,1.94688,0.01168,18.783728413817173,105.60394208911205,18.783728413817173,105.60394208911205
563648.367967664,2077220.08400698,0.60654,8.55891,0.80805,916.96014,0.0,6.0,2.97246,0.01507,18.78566520551286,105.603957696604,18.78566520551286,105.603957696604
563648.428465707,2076017.80191936,0.91435,8.94803,0.0,767.146,0.0,2.0,0.0,0.00147,18.77479970615322,105.60391955787145,18.77479970615322,105.60391955787145
563650.361755222,2078417.56806155,1.2992,7.20673,0.55766,262.47769,6.02561,6.0,4.61352,0.00857,18.7964872674685,105.60401520067369,18.7964872674685,105.60401520067369
563652.985387554,2078141.5585727,4.06547,12.36695,1.84823,285.62128,2.85191,2.0,3.75043,0.00989,18.793992784341317,105.60403120041897,18.793992784341317,105.60403120041897
563653.724748541,2075874.88080602,0.0,0.0,0.0,702.77972,0.0,7.0,0.0,0.00132,18.773507908450252,105.60396520828257,18.773507908450252,105.60396520828257
563661.178383258,2076476.79391737,3.52129,7.4977,0.44098,908.03259,0.0,3.0,0.0,0.00349,18.778947408360242,105.60405530787756,18.778947408360242,105.60405530787756
563665.134866872,2078258.38095668,2.0658,9.3836,0.8575,293.06213,3.314,5.0,6.49859,0.00953,18.795048179684542,105.60415025343107,18.795048179684542,105.60415025343107
563669.564467658,2077710.32090442,1.35272,6.80654,0.37761,503.68591,0.02622,6.0,1.8334,0.01286,18.790095015544114,105.60417461957432,18.790095015544114,105.60417461957432
563679.232041311,2077804.33595732,0.45364,5.99738,0.30881,444.79102,0.25058,5.0,1.26208,0.01214,18.790944368892404,105.60426938421396,18.790944368892404,105.60426938421396
563682.02680822,2078216.87262867,2.42608,5.39396,0.29549,302.05746,2.78969,7.0,6.28082,0.00994,18.7946725344555,105.60430920442042,18.7946725344555,105.60430920442042
563685.655367937,2076840.56542093,1.899,11.66928,1.94762,859.03412,0.0,1.0,0.37402,0.00934,18.782234203666402,105.60429927093097,18.782234203666402,105.60429927093097
563686.226489007,2076148.92866436,3.04116,9.17263,1.26883,796.32428,0.0,3.0,0.0,0.0018,18.775983591590588,105.60428240801208,18.775983591590588,105.60428240801208
563695.302358255,2076425.60467374,3.83358,7.76567,0.53563,881.43384,0.0,3.0,0.0,0.00251,18.77848374396372,105.60437743391226,18.77848374396372,105.60437743391226
563695.602472177,2077731.17021893,1.26583,7.26016,0.48822,503.4548,0.01352,5.0,1.55578,0.01244,18.790282639360974,105.60442236206616,18.790282639360974,105.60442236206616
563696.351516287,2078573.2427658,0.50858,5.23307,0.30002,92.17072,9.22203,4.0,0.99592,0.00784,18.797892746160496,105.60445662801658,18.797892746160496,105.60445662801658
563700.403547069,2078354.3536318,0.86,10.06759,1.22983,303.78625,3.98317,5.0,6.59625,0.00933,18.79591443794213,105.60448801754187,18.79591443794213,105.60448801754187
563700.496593597,2078408.35113242,1.348,7.34485,0.54459,250.22037,5.01313,6.0,5.86537,0.00908,18.796402430916793,105.60449064233464,18.796402430916793,105.60449064233464
563704.718772415,2078509.10422839,3.32351,6.76208,0.49968,154.45732,7.53826,4.0,2.4177,0.00831,18.797312844950255,105.60453395783577,18.797312844950255,105.60453395783577
563707.808205584,2076560.92419831,1.40698,7.48586,0.45838,840.68481,0.0,1.0,0.0,0.00532,18.779706296083262,105.60450045261724,18.779706296083262,105.60450045261724
563709.115392701,2077495.94919993,1.45338,10.77641,1.41547,700.12524,0.0,4.0,3.42583,0.0148,18.788156441482943,105.60454299852894,18.788156441482943,105.60454299852894
563714.006179583,2078095.29947413,2.10132,12.84959,2.38994,348.22937,1.49726,1.0,3.25546,0.01072,18.793572849309953,105.604608737423,18.793572849309953,105.604608737423
563715.378455042,2075937.53107201,3.54838,7.14024,0.0,675.85162,0.0,4.0,0.0,0.00132,18.774072212722746,105.60455219126949,18.774072212722746,105.60455219126949
563715.606443568,2076504.94517795,2.54108,8.30891,0.65464,850.66168,0.0,1.0,0.0,0.004,18.779200152213903,105.6045726399391,18.779200152213903,105.6045726399391
563719.719674273,2078604.99833378,4.08147,6.45136,0.47454,55.00703,10.00352,2.0,0.62066,0.00771,18.79817901509006,105.60467939953297,18.79817901509006,105.60467939953297
563726.264466392,2076870.545543,2.78432,12.47498,2.00308,831.77808,0.0,3.0,0.66595,0.00916,18.782503899036666,105.60468555258595,18.782503899036666,105.60468555258595
563730.523867608,2076474.67893196,3.41341,8.63459,0.62265,837.35583,0.0,1.0,0.0,0.00362,18.778926166198268,105.60471320401304,18.778926166198268,105.60471320401304
563732.904441496,2078079.72835299,3.67875,13.84192,2.76662,374.4769,1.09864,2.0,2.53023,0.01107,18.793431546445944,105.60478756104665,18.793431546445944,105.60478756104665
563735.554169848,2076303.29816181,1.16046,15.55502,3.31776,803.30841,0.0,1.0,0.0,0.00271,18.7773771759929,105.60475540736671,18.7773771759929,105.60475540736671
563736.662304339,2077450.1775855,1.3477,5.7485,0.27915,748.021,0.0,7.0,3.48642,0.01541,18.787741939539565,105.60480290694083,18.787741939539565,105.60480290694083
563739.335254018,2076325.62207986,2.0406,11.41344,1.88362,798.73193,0.0,2.0,0.0,0.00302,18.77757880996787,105.60479200246023,18.77757880996787,105.60479200246023
563743.419617075,2076200.16876053,2.64297,14.39675,2.76471,772.06042,0.0,1.0,0.0,0.0026,18.776444913200084,105.60482671069857,18.776444913200084,105.60482671069857
563744.07564796,2076997.24768556,0.69218,11.80078,1.53967,842.62061,0.0,4.0,1.60598,0.01068,18.783648408666455,105.60485863889832,18.783648408666455,105.60485863889832
563751.033150302,2078472.39528915,1.81593,5.36262,0.30698,183.39203,5.89261,7.0,4.24618,0.00918,18.796979668859553,105.60497226067534,18.796979668859553,105.60497226067534
563752.230194629,2078411.44071115,0.55999,8.09816,0.49743,248.11862,4.5387,6.0,6.12231,0.00969,18.79642876256234,105.60498165174083,18.79642876256234,105.60498165174083
563758.253106823,2076845.76417703,2.47791,6.97344,0.57774,796.39728,0.0,4.0,0.43699,0.00866,18.782278957509426,105.60498827434488,18.782278957509426,105.60498827434488
563758.439851411,2077181.98234812,1.17626,5.85467,0.32023,884.59686,0.0,7.0,2.48687,0.01342,18.78531748626281,105.6050008934292,18.78531748626281,105.6050008934292
563759.493100203,2077215.27882166,1.5894,6.734,0.43231,884.59686,0.0,7.0,2.77599,0.01468,18.785618367032967,105.60501196159885,18.785618367032967,105.60501196159885
563762.478765723,2076637.25336668,2.07911,9.76335,1.15226,778.58978,0.0,3.0,0.0,0.00592,18.78039443382297,105.60502164263191,18.78039443382297,105.60502164263191
563765.059577179,2078274.82405979,1.10903,4.91041,0.28431,388.35959,1.79901,7.0,7.48283,0.01032,18.79519371179994,105.60509898075445,18.79519371179994,105.60509898075445
563767.312214707,2076275.72669479,1.56243,6.31107,0.34205,764.10602,0.0,3.0,0.0,0.00287,18.777127026327594,105.60505584217967,18.777127026327594,105.60505584217967
563768.64379006,2077597.66290048,1.65255,5.80673,0.30757,656.72607,0.0,8.0,2.17751,0.01379,18.789073838180745,105.6051111299815,18.789073838180745,105.6051111299815
563771.969848929,2077979.87321232,2.86529,14.01793,2.48232,443.48083,0.29716,3.0,1.20626,0.01187,18.792527916611625,105.6051550292584,18.792527916611625,105.6051550292584
563772.253515133,2078595.9940007,1.07359,11.616,1.91171,65.61942,9.45976,-2.0,0.59787,0.00768,18.798096024255486,105.60517761720072,18.798096024255486,105.60517761720072
563776.910037707,2076720.94999522,2.41951,11.36478,1.88947,765.9314,0.0,1.0,0.0,0.00716,18.781150389613106,105.605161271195,18.781150389613106,105.605161271195
563782.082171384,2078731.24985118,0.0,0.0,0.0,0.0,12.56547,0.0,0.0,0.0056,18.799318079659297,105.60527525344719,18.799318079659297,105.60527525344719
563782.272793274,2075912.86600482,0.0,0.0,0.0,603.53674,0.0,5.0,0.0,0.00201,18.773847250568306,105.60518608474415,18.773847250568306,105.60518608474415
563783.283526257,2076802.43157396,1.8144,11.79862,2.0752,758.90997,0.0,3.0,0.2538,0.00825,18.781886574621875,105.60522437438235,18.781886574621875,105.60522437438235
563785.046316834,2076568.26530497,0.77524,7.78299,0.68504,764.41052,0.0,4.0,0.0,0.00529,18.77977026813445,105.60523354390901,18.77977026813445,105.60523354390901
563789.174822287,2077639.95467428,1.40118,6.84225,0.37148,640.76062,0.0,7.0,1.52304,0.01276,18.789455413876496,105.60530730983844,18.789455413876496,105.60530730983844
563789.808968441,2076204.58525869,3.25708,10.76361,1.65045,729.27216,0.0,2.0,0.0,0.00315,18.776483401780993,105.60526699841355,18.776483401780993,105.60526699841355
563799.64629973,2077321.60324172,1.14658,7.41603,0.54263,845.85992,0.0,6.0,3.02096,0.0151,18.786578027511755,105.60539639139868,18.786578027511755,105.60539639139868
563808.377089472,2077442.78248868,1.07867,5.76197,0.29549,800.47839,0.0,7.0,3.03635,0.01446,18.787672902530705,105.60548314806127,18.787672902530705,105.60548314806127
563814.623300405,2076731.70602915,0.81504,11.7371,2.0565,733.56812,0.0,0.0,0.00006,0.00727,18.781246436719442,105.60551945429438,18.781246436719442,105.60551945429438
563820.829762129,2075918.86230344,0.0,0.0,0.0,569.30383,0.0,4.0,0.0,0.00237,18.77390025657802,105.60555210370336,18.77390025657802,105.60555210370336
563820.95801665,2077354.19044932,0.75989,10.03772,1.22193,828.41333,0.0,5.0,3.12299,0.01538,18.786871875152066,105.60559966301038,18.786871875152066,105.60559966301038
563822.595633105,2077401.4345314,1.41199,6.08413,0.32678,835.6864,0.0,7.0,2.88515,0.01495,18.787298787732865,105.60561672783147,18.787298787732865,105.60561672783147
563826.152566503,2076682.54502056,1.50608,11.7741,2.08475,711.99261,0.0,0.0,0.0,0.00696,18.78080179489818,105.60562726036474,18.78080179489818,105.60562726036474
563828.266190529,2076883.17236415,1.46678,7.2985,0.49881,727.83459,0.0,5.0,0.75336,0.00895,18.782614877477513,105.60565379401932,18.782614877477513,105.60565379401932
563832.544272124,2077497.11535165,1.06426,11.45267,1.62948,772.28656,0.0,5.0,2.39134,0.0134,18.788163185972525,105.60571421844864,18.788163185972525,105.60571421844864
563836.623753217,2076057.04211062,1.09712,13.92319,0.0,623.54785,0.0,1.0,0.0,0.00345,18.775148556771704,105.6057064167227,18.775148556771704,105.6057064167227
563838.155161803,2078648.55161141,3.35439,5.50761,0.26457,48.24436,10.78145,3.0,0.23995,0.00733,18.798568978831014,105.60580467552607,18.798568978831014,105.60580467552607
563841.865714355,2077320.24293638,0.77345,6.49824,0.34057,802.94611,0.0,6.0,2.87047,0.01479,18.786564435092977,105.60579695194416,18.786564435092977,105.60579695194416
563842.441531649,2076273.06681494,1.81735,6.05096,0.31366,690.75409,0.0,4.0,0.0,0.00442,18.777100678528374,105.60576859101938,18.777100678528374,105.60576859101938
563844.542217105,2077644.2102537,1.57387,6.8467,0.44807,672.83154,0.0,6.0,1.08284,0.01245,18.78949216970639,105.60583281713711,18.78949216970639,105.60583281713711
563845.231888088,2078104.55837817,1.41307,8.69309,0.69547,473.92563,0.10001,5.0,2.82827,0.01145,18.79365248956248,105.6058542406966,18.79365248956248,105.6058542406966
563845.908018704,2078244.23406104,2.37825,5.67379,0.32931,427.44611,0.56563,7.0,6.77715,0.01131,18.794914770644734,105.60586517194899,18.794914770644734,105.60586517194899
563845.995980647,2076428.82178548,1.68831,7.15504,0.66343,741.22241,0.0,4.0,0.0,0.00425,18.778508188190212,105.60580734600518,18.778508188190212,105.60580734600518
563847.016006196,2076098.27276689,2.3168,14.38964,0.0,649.59912,0.0,1.0,0.0,0.00364,18.775520854944876,105.60580634967066,18.775520854944876,105.60580634967066
563853.476279841,2077031.54255645,0.64918,6.38693,0.34834,751.28107,0.0,5.0,1.16138,0.01121,18.783954980892545,105.60589779142897,18.783954980892545,105.60589779142897
563854.288501094,2078279.32565984,1.92475,5.99351,0.29652,387.30936,0.91195,7.0,6.96666,0.01117,18.795231648590892,105.60594582981825,18.795231648590892,105.60594582981825
563858.672493323,2078299.0534542,1.03637,6.45614,0.37811,368.99838,1.15309,7.0,6.97677,0.01091,18.795409801086457,105.6059880679589,18.795409801086457,105.6059880679589
563859.691305635,2078327.35096431,0.59871,7.44889,0.49385,348.22937,1.68903,7.0,6.68486,0.0105,18.79566550495513,105.60599865066821,18.79566550495513,105.60599865066821
563862.728011681,2078626.7562036,1.17063,5.75391,0.34399,77.79169,10.16377,4.0,0.32438,0.00732,18.798371248778093,105.6060371497798,18.798371248778093,105.6060371497798
563866.447175749,2078203.71744186,1.07129,8.66301,0.68502,463.37195,0.20991,5.0,6.09108,0.01148,18.794547974178517,105.6060587597558,18.794547974178517,105.6060587597558
563872.644133092,2077019.34018515,1.90879,7.42307,0.51942,727.27472,0.0,4.0,1.16138,0.0112,18.783844113364466,105.60607927092616,18.783844113364466,105.60607927092616
563879.829839864,2077845.12367894,1.26556,4.97836,0.29973,598.40509,0.0,6.0,0.42803,0.01135,18.79130681440714,105.60617415112404,18.79130681440714,105.60617415112404
563887.077104707,2078813.80853674,0.0,0.0,0.0,24.12218,13.68963,2.0,0.00344,0.00396,18.80006096013579,105.6062742582326,18.80006096013579,105.6062742582326
563893.276900158,2077431.12811821,0.95335,9.99408,1.28958,769.26685,0.0,5.0,2.33738,0.01257,18.787564964310434,105.60628835941489,18.787564964310434,105.60628835941489
563895.137545585,2077287.68855591,1.46731,5.9876,0.30044,746.30762,0.0,7.0,2.36349,0.01368,18.786268588587287,105.60630137596853,18.786268588587287,105.60630137596853
563895.58120632,2077390.54033547,0.74342,10.77945,1.45538,759.52313,0.0,4.0,2.58042,0.0136,18.787198085973962,105.60630891168388,18.787198085973962,105.60630891168388
563896.003750924,2076828.80075691,1.76365,5.96915,0.3463,654.5072,0.0,5.0,0.31723,0.00942,18.782121415420114,105.6062947579592,18.782121415420114,105.6062947579592
563897.956306413,2078831.93532152,1.10804,6.73598,0.0,24.12218,13.84205,2.0,0.00344,0.0042,18.800224443301435,105.60637808187627,18.800224443301435,105.60637808187627
563903.221998776,2077644.16157303,1.23778,6.60935,0.42785,722.86084,0.0,6.0,0.67437,0.0117,18.789489922764155,105.60638961595072,18.789489922764155,105.60638961595072
563904.315584274,2076698.14594948,2.36242,8.17721,0.84778,636.47821,0.0,4.0,0.0,0.00781,18.780940381126992,105.60636939953808,18.780940381126992,105.60636939953808
563907.478574396,2077931.79127065,2.73967,5.04399,0.24828,583.43768,0.0,5.0,0.32208,0.01184,18.79208921052689,105.60643931111574,18.79208921052689,105.60643931111574
563912.887075199,2077311.6832257,1.55018,5.12957,0.24108,726.71442,0.0,7.0,2.39815,0.0137,18.786484890899825,105.60647057052009,18.786484890899825,105.60647057052009
563913.033437849,2078708.23777802,0.67062,6.65226,0.4775,96.48872,12.27814,3.0,0.46739,0.00617,18.799106077859975,105.60651715028229,18.799106077859975,105.60651715028229
563917.37502324,2078262.24969648,2.34287,5.83365,0.36855,426.76492,0.72704,7.0,6.27073,0.01099,18.795075382995982,105.60654391244952,18.795075382995982,105.60654391244952
563918.168863989,2077059.28343175,1.3468,9.22202,1.135,704.5163,0.0,4.0,0.93024,0.01156,18.784203694004912,105.60651252323727,18.784203694004912,105.60651252323727
563921.04095575,2077968.69208976,2.06778,13.26569,2.44642,579.93652,0.0,2.0,0.39632,0.01145,18.792422279226003,105.60656919790814,18.792422279226003,105.60656919790814
563924.826259966,2077158.94300734,1.58888,9.63521,1.05252,711.99261,0.0,3.0,1.36891,0.01327,18.785104150937105,105.60657891573648,18.785104150937105,105.60657891573648
563926.029065946,2078392.05793331,1.27622,6.58796,0.38088,308.91464,3.24231,7.0,5.01382,0.0099,18.796248241939836,105.60663023364863,18.796248241939836,105.60663023364863
563927.168931511,2078878.62806003,2.14315,6.44929,0.0,34.11391,14.01754,3.0,0.0,0.00325,18.80064552219892,105.60665680400552,18.80064552219892,105.60665680400552
563928.282494174,2078192.93440934,1.52396,10.18872,1.16446,477.71661,0.147,5.0,5.03169,0.01104,18.79444861843894,105.60664517082142,18.79444861843894,105.60664517082142
563932.631409421,2077905.46512466,3.4612,12.22217,1.93393,611.10577,0.0,1.0,0.18721,0.0116,18.79185051594374,105.60667713273538,18.79185051594374,105.60667713273538
563933.359034617,2077181.94236743,1.58888,9.63521,1.05252,711.99261,0.0,3.0,1.36891,0.01327,18.7853117420905,105.60666062349198,18.7853117420905,105.60666062349198
563935.181030823,2078645.31156752,1.58974,8.69494,0.80043,140.24097,10.66112,2.0,0.79662,0.00738,18.79853670736875,105.60672527844618,18.79853670736875,105.60672527844618
563940.315807555,2076340.69104634,1.4731,6.85795,0.433,619.05237,0.0,4.0,0.0,0.00636,18.777708812604335,105.60669941904014,18.777708812604335,105.60669941904014
563944.043218783,2078020.79096808,1.77121,12.04709,2.0643,556.79926,0.0,1.0,0.57702,0.01184,18.792892407361908,105.60678915207347,18.792892407361908,105.60678915207347
563946.321761616,2076275.68749784,1.49693,9.3814,0.92472,586.91797,0.0,3.0,0.0,0.00635,18.77712116499867,105.60675430183808,18.77712116499867,105.60675430183808
563950.683584867,2076619.33194115,1.96985,6.33596,0.30793,596.84729,0.0,5.0,0.0,0.00788,18.780226679882723,105.60680680385383,18.780226679882723,105.60680680385383
563955.659898493,2078304.73379647,1.08084,8.16843,0.62253,400.89291,1.67146,6.0,6.30091,0.01036,18.795458147254102,105.60690857756565,18.795458147254102,105.60690857756565
563957.41893072,2077761.83863347,1.64144,11.24681,1.79358,701.20483,0.0,2.0,0.06254,0.01047,18.790551744657606,105.60690768931977,18.790551744657606,105.60690768931977
563957.546839502,2078043.58136331,4.04345,11.4528,1.83205,526.72589,0.0003,2.0,1.04373,0.01184,18.793097956344514,105.60691802570508,18.793097956344514,105.60691802570508
563965.078575488,2076394.64686298,1.89992,7.91043,0.57507,619.05237,0.0,5.0,0.00003,0.00683,18.778195669475142,105.60693611722654,18.778195669475142,105.60693611722654
563968.834742765,2076708.2130356,1.22129,13.68915,2.59608,571.75165,0.0,2.0,0.0,0.0085,18.781029373502594,105.6069819034164,18.781029373502594,105.6069819034164
563969.635010128,2078323.93539451,1.08084,8.16843,0.62253,385.50232,1.97962,6.0,6.05687,0.01036,18.795631248189157,105.6070418111783,18.795631248189157,105.6070418111783
563971.173361141,2077415.78941668,1.29539,10.71842,1.33488,693.52838,0.0,5.0,2.17822,0.01189,18.787423941915634,105.60702699781115,18.787423941915634,105.60702699781115
563976.154281062,2078111.32048768,5.21202,5.64033,0.43731,481.71939,0.1599,6.0,2.401,0.01157,18.793709566359404,105.60709678583619,18.793709566359404,105.60709678583619
563977.409608705,2077822.57981069,1.40277,10.55804,1.54391,656.01685,0.0,1.0,0.0,0.01076,18.7911000691585,105.60709934516355,18.7911000691585,105.60709934516355
563978.925871697,2076354.3761518,1.17852,5.10409,0.26696,583.43768,0.0,7.0,0.01767,0.00694,18.777831300501056,105.6070661993522,18.777831300501056,105.6070661993522
563980.131652401,2078934.75957938,3.65019,5.48219,0.36443,48.24436,13.96754,2.0,0.0,0.00278,18.80115116943705,105.60716120859128,18.80115116943705,105.60716120859128
563981.787115925,2078285.66793237,0.70489,8.13741,0.50374,391.04724,1.56395,6.0,6.12872,0.01055,18.795285035865266,105.60715588433749,18.795285035865266,105.60715588433749
563987.894839951,2077684.09580175,0.88077,11.12171,1.82708,724.06726,0.0,5.0,0.10949,0.0104,18.78984821320336,105.60719435251069,18.78984821320336,105.60719435251069
563987.971878678,2077466.5136719,1.87401,5.6649,0.27221,685.76599,0.0,8.0,1.53723,0.01115,18.787881838288456,105.60718803628976,18.787881838288456,105.60718803628976
563988.510419163,2078553.87961109,2.38107,8.0239,0.76848,227.56818,8.33454,4.0,2.76713,0.00825,18.797708757449435,105.60722837386466,18.797708757449435,105.60722837386466
563989.295356829,2078147.96298794,1.139,10.8321,1.32546,440.32062,0.36976,4.0,3.9906,0.01105,18.79404031294833,105.60722266909083,18.79404031294833,105.60722266909083
563992.97822128,2076160.79790823,1.81439,10.7235,1.39195,520.6145,0.00204,1.0,0.0,0.00656,18.776081424793766,105.60719326446194,18.776081424793766,105.60719326446194
563993.609559561,2077295.82689787,1.95398,7.83713,0.58309,650.49426,0.0,6.0,2.10249,0.01266,18.786339102747714,105.60723600234893,18.786339102747714,105.60723600234893
563996.687127978,2076937.49776806,1.86864,9.40584,1.07231,586.91797,0.0,0.0,0.32405,0.01064,18.783100649661485,105.60725359981393,18.783100649661485,105.60725359981393
563996.784135837,2076722.11903042,1.93857,13.46783,2.49947,550.17609,0.0,2.0,0.0,0.009,18.781154185644674,105.60724754641045,18.781154185644674,105.60724754641045
563998.853574215,2077643.05716012,0.35591,10.83558,1.56794,717.20392,0.0,5.0,0.19542,0.01053,18.789476993311474,105.60729700839907,18.789476993311474,105.60729700839907
563999.370884958,2078255.58507789,0.4583,5.63268,0.30001,385.95486,1.40626,7.0,5.84823,0.01076,18.795012623199884,105.60732176387152,18.795012623199884,105.60732176387152
564001.652035211,2077960.077541,3.12176,6.5415,0.42922,542.93665,0.0,4.0,0.10209,0.01094,18.792341940132943,105.60733383384617,18.792341940132943,105.60733383384617
564001.825927021,2078229.45593587,1.43188,5.46557,0.3205,395.63315,1.15094,7.0,5.31368,0.01088,18.79477640858053,105.60734421321789,18.79477640858053,105.60734421321789
564006.808848603,2078562.07708241,2.38107,8.0239,0.76848,231.62317,8.7601,4.0,3.37045,0.00825,18.79778227620304,105.60740227801884,18.79778227620304,105.60740227801884
564008.619863226,2078950.32874881,2.65925,6.02822,0.0,38.89584,13.93963,0.0,0.0,0.00278,18.801290994244543,105.60743205074209,18.801290994244543,105.60743205074209
564012.970871811,2076072.54173,1.65776,11.44399,0.0,493.0611,0.10076,2.0,0.0,0.00607,18.77528320258765,105.60738009831222,18.77528320258765,105.60738009831222
564017.616533455,2078900.54097149,2.67938,6.57774,0.0,92.17072,14.7027,1.0,0.0,0.00314,18.800840765925646,105.60751580966654,18.800840765925646,105.60751580966654
564024.139199221,2076437.56749277,1.31739,10.56953,1.28929,566.33203,0.0,1.0,0.16447,0.00814,18.778581738972065,105.60749788389334,18.778581738972065,105.60749788389334
564024.330304726,2075963.75801394,0.8217,13.02522,0.0,418.92108,0.69468,1.0,0.0,0.00522,18.774299730994674,105.60748435432788,18.774299730994674,105.60748435432788
564033.964611757,2077836.12729237,3.65872,5.90537,0.32242,602.6684,0.0,5.0,0.0,0.01002,18.791220757548277,105.607636428098,18.791220757548277,105.607636428098
564035.544155001,2075823.26420157,0.0,0.0,0.0,333.02588,1.91643,3.0,0.0,0.0,18.773029687093576,105.60758620124031,18.773029687093576,105.60758620124031
564036.34877369,2077746.88490221,1.81141,7.89658,0.6821,674.0412,0.0,4.0,0.0,0.00986,18.790414166722297,105.60765615814843,18.790414166722297,105.60765615814843
564040.048007466,2077598.23963293,0.50641,9.57021,1.26199,691.84833,0.0,5.0,0.26472,0.01018,18.78907068887277,105.60768644096989,18.78907068887277,105.60768644096989
564041.959279324,2077773.67568352,0.07308,6.52332,0.34968,642.39313,0.0,5.0,0.0,0.00973,18.7906561119182,105.60771026390293,18.7906561119182,105.60771026390293
564044.787396347,2076595.77739314,1.53815,10.57118,1.30466,503.68591,0.00388,4.0,0.10923,0.00869,18.780010906352945,105.60769892340983,18.780010906352945,105.60769892340983
564047.685902145,2076761.66295856,1.57978,12.00054,2.16471,497.29144,0.00768,-1.0,0.0,0.00937,18.78150998905794,105.60773180028897,18.78150998905794,105.60773180028897
564048.029628944,2078132.61510003,2.23342,8.88164,1.02605,407.08633,0.89643,4.0,3.19073,0.01065,18.793899795088873,105.6077795036203,18.793899795088873,105.6077795036203
564051.325349832,2077403.11865505,0.92733,9.93328,0.98724,614.99731,0.0,6.0,1.81045,0.0109,18.787306958182107,105.60778712333214,18.787306958182107,105.60778712333214
564052.151645671,2076361.80762624,1.40168,5.51434,0.2864,517.02557,0.00401,6.0,0.27787,0.00819,18.777896203211984,105.60776121646876,18.777896203211984,105.60776121646876
564052.72983013,2075988.88964562,2.33774,10.57777,0.0,406.08453,1.11565,2.0,0.00485,0.00586,18.77452597941049,105.60775462142459,18.77452597941049,105.60775462142459
564057.332951102,2075865.65591523,3.16732,10.0464,0.0,335.11603,2.08292,2.0,0.0,0.00451,18.77341212559717,105.60779430365841,18.77341212559717,105.60779430365841
564057.54952439,2078915.13753021,2.86771,8.79104,0.0,88.9582,14.96028,-1.0,0.0,0.00316,18.8009714467419,105.60789522452794,18.8009714467419,105.60789522452794
564058.410224171,2076141.10457385,1.94948,10.45477,1.12811,454.24054,0.28609,1.0,0.06392,0.00709,18.775901430241642,105.6078134479772,18.775901430241642,105.6078134479772
564068.032519086,2076108.54529869,2.90421,6.16441,0.40079,442.29843,0.54192,4.0,0.14724,0.00687,18.775606882345155,105.60790368960356,18.775606882345155,105.60790368960356
564069.548052463,2078857.56977102,1.47276,9.90141,0.0,154.45732,15.37441,0.0,0.18395,0.00392,18.80045081490014,105.60800721544904,18.80045081490014,105.60800721544904
564070.3117676,2078567.36056703,1.64443,6.54708,0.42143,214.94472,9.42722,6.0,4.15651,0.00743,18.797828063521596,105.60800504492202,18.797828063521596,105.60800504492202
564073.220165706,2078626.18170328,1.37535,5.24753,0.28433,204.96756,11.57746,8.0,3.26855,0.00661,18.7983595620323,105.60803455225837,18.7983595620323,105.60803455225837
564079.212090415,2076423.05232751,2.72973,11.36467,1.70783,518.9353,0.00244,3.0,0.50234,0.00871,18.77844886018674,105.6080199549466,18.77844886018674,105.6080199549466
564080.541444463,2077963.05302806,1.59996,6.99891,0.51625,488.19858,0.10599,5.0,0.34476,0.00979,18.792366394636566,105.6080825081389,18.792366394636566,105.6080825081389
564089.129786709,2078154.39328595,1.56599,6.73007,0.38841,359.08841,1.80035,5.0,3.90904,0.01037,18.794095342878567,105.60817021129651,18.794095342878567,105.60817021129651
564089.895220676,2078895.11228594,3.63178,12.69452,0.0,120.61089,15.39192,-3.0,0.0,0.00307,18.80078947142206,105.60820151676582,18.80078947142206,105.60820151676582
564093.425070445,2078775.27958883,2.6103,11.60972,0.0,175.61211,14.98537,0.0,0.95735,0.00464,18.799706390108273,105.60823112257829,18.799706390108273,105.60823112257829
564095.960011645,2077693.56078449,0.94023,6.35359,0.30966,616.41492,0.0,6.0,0.0,0.00938,18.7899304152281,105.60822006965793,18.7899304152281,105.60822006965793
564095.960035593,2077635.21840394,1.07404,6.42013,0.26558,622.52051,0.0,6.0,0.0,0.00947,18.789403153070158,105.60821817696014,18.789403153070158,105.60821817696014
564103.282197668,2077486.02951941,0.85977,5.73468,0.29802,593.62134,0.0,7.0,0.8165,0.01017,18.788054650305376,105.60828281467096,18.788054650305376,105.60828281467096
564106.746336381,2076262.24654538,1.09733,8.07837,0.61759,430.70084,0.49353,5.0,0.58677,0.00918,18.776994745412715,105.60827599031887,18.776994745412715,105.60827599031887
564108.896230013,2077305.98498141,1.86109,6.52376,0.43373,532.54871,0.0,6.0,1.60783,0.01182,18.7864273458441,105.60833024274696,18.7864273458441,105.60833024274696
564116.258324488,2076339.63031128,0.6245,10.02465,1.11647,458.95575,0.29424,3.0,0.72988,0.00897,18.777693798878715,105.60836875049458,18.777693798878715,105.60836875049458
564116.475298555,2078641.41982072,0.78986,6.57173,0.35311,161.8165,12.32477,7.0,3.66395,0.0064,18.798495937236318,105.6084455074841,18.798495937236318,105.6084455074841
564127.352802213,2076484.30761764,4.22898,9.46064,1.18471,460.85361,0.2223,2.0,0.79684,0.00897,18.779000961190334,105.60847870935656,18.779000961190334,105.60847870935656
564127.63785802,2077687.93237068,2.77876,7.45167,0.60435,584.13538,0.0,5.0,0.0,0.00892,18.789878569976594,105.60852047217618,18.789878569976594,105.60852047217618
564127.774181391,2076451.69888761,2.70714,8.73318,0.92308,460.85361,0.2028,5.0,0.88804,0.00902,18.778706250418903,105.60848164969092,18.778706250418903,105.60848164969092
564128.122774472,2076909.69901057,0.75064,13.22775,2.41027,447.00943,0.2376,3.0,0.0,0.01169,18.78284536369212,105.60849981618783,18.78284536369212,105.60849981618783
564131.414548065,2077612.28586352,1.51153,6.33305,0.33354,594.50281,0.0,5.0,0.03021,0.00901,18.78919480714822,105.60855385278083,18.78919480714822,105.60855385278083
564131.81533057,2076157.93417462,1.13319,7.08523,0.43842,381.40515,1.3461,4.0,0.61255,0.00885,18.77605125940328,105.60851046370111,18.77605125940328,105.60851046370111
564132.221686561,2078797.52079352,1.58856,8.73728,0.91608,140.24097,15.59001,2.0,1.0254,0.00428,18.799906192175317,105.60860000022777,18.799906192175317,105.60860000022777
564132.233127177,2076306.1881,2.36004,6.46473,0.34402,426.76492,0.56764,5.0,0.90835,0.00955,18.777391075066618,105.6085192366772,18.777391075066618,105.6085192366772
564135.305233101,2078700.64203426,3.0055,7.63102,0.64518,129.4532,13.88472,5.0,2.74984,0.00558,18.79903056777619,105.60862611403567,18.79903056777619,105.60862611403567
564137.740777356,2078878.07863074,5.2339,4.7444,0.33493,157.07225,15.88241,3.0,0.05438,0.00329,18.80063405217912,105.60865499010374,18.80063405217912,105.60865499010374
564141.580368415,2078528.69359793,1.18853,8.38327,0.77598,154.45732,9.16216,6.0,5.71527,0.00757,18.79747641214679,105.60868007494821,18.79747641214679,105.60868007494821
564144.367247495,2076686.29086818,2.28328,7.88135,0.7155,399.14737,0.61498,4.0,0.0757,0.00988,18.780825836191944,105.60864670014617,18.780825836191944,105.60864670014617
564145.460288018,2076417.77298648,1.44516,10.68797,1.52843,458.95575,0.32559,3.0,0.96118,0.00905,18.778399102347617,105.60864835795847,18.778399102347617,105.60864835795847
564146.700932988,2077654.27583353,2.28202,7.7896,0.63005,576.71686,0.0,5.0,0.0,0.0089,18.789573813686633,105.60870026524717,18.789573813686633,105.60870026524717
564154.327031985,2077501.87028841,3.19981,5.71472,0.33304,551.02155,0.0,5.0,0.59043,0.00989,18.78819623130662,105.60876767865983,18.78819623130662,105.60876767865983
564158.591901436,2078421.695558,0.69504,8.92681,0.62397,180.83591,7.70236,5.0,6.11768,0.00864,18.796508904903163,105.60883802485687,18.796508904903163,105.60883802485687
564159.697926889,2078318.58538602,1.49523,5.55095,0.29622,222.13371,5.98924,7.0,5.57721,0.00878,18.795577025803937,105.60884517003947,18.795577025803937,105.60884517003947
564169.638214329,2077877.07529617,0.37821,6.05778,0.29581,491.99786,0.12185,5.0,0.00035,0.00851,18.79158662674762,105.60892514987133,18.79158662674762,105.60892514987133
564171.160423103,2076563.98548235,2.98502,6.98576,0.46363,385.04922,0.85263,5.0,0.66739,0.01022,18.779719686865075,105.60889695144432,18.779719686865075,105.60889695144432
564174.446360968,2076067.82566436,1.00584,10.88084,1.31773,334.42075,3.4085,3.0,0.64439,0.00869,18.77523559608747,105.60891202394332,18.77523559608747,105.60891202394332
564177.674812541,2076788.83956341,0.75404,8.25738,0.65741,372.45145,1.00955,5.0,0.00125,0.01057,18.781751578454273,105.6089660621499,18.781751578454273,105.6089660621499
564184.369614716,2078034.2301247,1.75609,11.68826,1.90359,358.60196,1.78883,2.0,1.00813,0.0093,18.79300643789371,105.6090700415415,18.79300643789371,105.6090700415415
564186.177320439,2077187.38686516,1.6732,5.36538,0.2771,453.08618,0.24601,6.0,0.51388,0.01174,18.78535313996532,105.60905968108679,18.78535313996532,105.60905968108679
564186.45418863,2077840.59273972,1.76121,8.31071,0.6253,505.64597,0.04706,4.0,0.0,0.00873,18.791256399840574,105.60908352959989,18.791256399840574,105.60908352959989
564186.611041025,2077910.76530279,0.52168,6.44395,0.36106,444.79102,0.34408,5.0,0.05901,0.00846,18.791890570745093,105.60908729820547,18.791890570745093,105.60908729820547
564195.030275424,2078695.70845112,2.20849,6.40083,0.40669,65.61942,14.56639,6.0,2.73319,0.00512,18.79898413259483,105.60919270389515,18.79898413259483,105.60919270389515
564197.608874159,2077869.47275784,0.66964,5.64738,0.2703,472.81931,0.14738,5.0,0.0,0.00836,18.791517054145913,105.6091903137646,18.791517054145913,105.6091903137646
564198.758559751,2076808.90366756,0.49128,5.63787,0.30522,353.3714,1.3577,6.0,0.06821,0.01164,18.78193225330757,105.6091667639508,18.78193225330757,105.6091667639508
564202.427440626,2077944.10594934,0.76125,6.44838,0.40292,413.04611,0.78281,5.0,0.18011,0.00849,18.79219139307807,105.60923846251079,18.79219139307807,105.60923846251079
564203.132815939,2078965.95994439,1.04432,6.94586,0.30103,86.97375,15.28071,2.0,0.0,0.00237,18.801426243393283,105.60927838034294,18.801426243393283,105.60927838034294
564203.862388104,2078942.15965533,0.77869,8.73639,0.0,99.45829,15.67027,2.0,0.0,0.00262,18.801211128893105,105.60928452951529,18.801211128893105,105.60928452951529
564209.681845654,2077035.6247781,2.14568,6.13843,0.34734,433.93109,0.87243,6.0,0.00319,0.0115,18.783980880825762,105.60927777400441,18.783980880825762,105.60927777400441
564212.199588368,2078523.57684543,1.83438,6.1161,0.37175,96.48872,10.30065,7.0,5.41338,0.00686,18.797427984194186,105.60935003103997,18.797427984194186,105.60935003103997
564213.604833974,2078140.93606933,0.63078,5.9622,0.27608,267.96255,4.28157,5.0,2.1087,0.00893,18.79396987423408,105.6093509234008,18.79396987423408,105.6093509234008
564215.261737323,2078060.90596304,1.63771,8.07251,0.73666,320.38031,2.65613,4.0,1.2476,0.00897,18.793246561048772,105.60936404375683,18.793246561048772,105.60936404375683
564215.44103979,2077990.25525939,1.34901,8.13563,0.66922,366.46664,1.58874,4.0,0.37263,0.00869,18.79260805872776,105.60936344814255,18.79260805872776,105.60936344814255
564215.829042587,2077524.28043292,0.69174,12.1045,1.71504,501.95004,0.02417,2.0,0.28139,0.00934,18.788396857254195,105.6093519822107,18.788396857254195,105.6093519822107
564217.251939191,2076062.91827435,1.64839,8.81187,0.94795,290.46948,4.72512,4.0,1.02917,0.00907,18.775189922359687,105.60931800351143,18.775189922359687,105.60931800351143
564219.414584804,2078477.02531662,2.61169,6.52919,0.43,101.77158,9.7561,7.0,5.48856,0.00669,18.797007057386608,105.60941698182492,18.797007057386608,105.60941698182492
564219.647966214,2076001.02116205,0.499,10.75586,0.99079,280.6893,5.51938,4.0,0.76335,0.00828,18.774630459860504,105.60933872672699,18.774630459860504,105.60933872672699
564221.056186168,2079043.77873816,0.0,0.0,0.0,10.78777,13.49423,2.0,0.0,0.00211,18.802128964953766,105.60945099510175,18.802128964953766,105.60945099510175
564221.476204558,2078687.68385412,1.61838,5.68915,0.31886,44.4791,14.5675,6.0,2.53498,0.00483,18.798910792277898,105.60944339677401,18.798910792277898,105.60944339677401
564222.766014448,2078306.3530922,1.06148,8.3108,0.69021,168.85526,7.24186,5.0,4.605,0.00842,18.795464525575586,105.60944323350937,18.795464525575586,105.60944323350937
564223.763500717,2078448.94932197,1.89515,7.33356,0.49198,112.62759,9.53448,6.0,5.45431,0.00706,18.796753189551335,105.60945733643918,18.796753189551335,105.60945733643918
564225.440080238,2076127.59885251,2.08572,6.42265,0.44332,281.31052,4.2481,6.0,1.22582,0.01007,18.775774212652102,105.60939779342223,18.775774212652102,105.60939779342223
564232.209428593,2078576.02046161,1.0844,6.95077,0.41357,58.0939,11.99055,7.0,4.81383,0.00585,18.797901316637052,105.60954161509632,18.797901316637052,105.60954161509632
564234.002334166,2078515.27309409,1.7333,6.12633,0.36163,76.28103,10.54799,8.0,5.41338,0.00637,18.79735226475934,105.60955665225075,18.79735226475934,105.60955665225075
564234.319247688,2078052.7899673,0.85587,5.14431,0.14955,312.84521,2.83343,4.0,1.2476,0.00864,18.793172623560846,105.60954461649997,18.793172623560846,105.60954461649997
564238.182805651,2078221.12174623,0.71651,8.12279,0.60918,198.03706,6.24232,4.0,3.52023,0.00873,18.794693780750805,105.60958675291545,18.794693780750805,105.60958675291545
564238.319054075,2076070.80638028,1.61525,7.67095,0.64466,269.69415,5.26333,5.0,1.02917,0.00931,18.775260558442554,105.60951814431012,18.775260558442554,105.60951814431012
564240.583103772,2076636.17594673,0.9145,5.36152,0.29722,306.83563,2.32082,7.0,0.76578,0.01123,18.780369952174418,105.60955799671285,18.780369952174418,105.60955799671285
564242.037441505,2077850.64726757,0.84574,6.81616,0.4234,468.36801,0.35386,5.0,0.0,0.00823,18.791345545436876,105.60961127983506,18.791345545436876,105.60961127983506
564242.745972278,2076421.82087176,2.11848,5.26601,0.24793,371.98248,2.481,7.0,1.64286,0.01079,18.77843267570732,105.60957155242437,18.77843267570732,105.60957155242437
564246.565421569,2078380.86368084,0.91812,9.5059,1.01908,106.24718,9.17803,5.0,4.40305,0.00803,18.79613716804563,105.60967149313264,18.79613716804563,105.60967149313264
564251.817128331,2078535.09710825,1.4723,5.53255,0.31299,53.93883,11.45344,9.0,4.71771,0.00584,18.79753086966401,105.60972634597766,18.79753086966401,105.60972634597766
564263.518122827,2078696.09789912,0.0,0.0,0.0,10.78777,15.24482,6.0,2.22351,0.00459,18.798985530268048,105.6098426196866,18.798985530268048,105.6098426196866
564263.744466822,2078326.18724103,1.04072,8.78619,0.76564,120.61089,8.63782,4.0,4.1888,0.00815,18.7956425044847,105.60983272852205,18.7956425044847,105.60983272852205
564265.136030328,2078084.62337484,0.90716,12.2159,1.85646,267.09256,3.88683,3.0,1.4125,0.008,18.793459359142435,105.60983807257855,18.793459359142435,105.60983807257855
564265.799548747,2077547.18252783,1.98849,8.28443,0.82527,475.76373,0.21292,4.0,0.10615,0.00857,18.78860228456706,105.60982688367659,18.78860228456706,105.60982688367659
564266.577100614,2076352.92126302,1.07488,10.10087,1.20689,324.53073,3.76845,4.0,1.80089,0.01104,18.777809265532085,105.60979542642492,18.777809265532085,105.60979542642492
564267.254142019,2077303.42966911,2.61113,7.66679,0.65169,383.07965,1.15846,5.0,0.67233,0.01019,18.786399352887656,105.60983275729234,18.786399352887656,105.60983275729234
564268.772792864,2078568.15798115,1.23838,7.19687,0.45865,21.57553,12.59696,7.0,4.36887,0.00557,18.797829127390784,105.60988831841874,18.797829127390784,105.60988831841874
564269.150409481,2076441.59488011,0.77098,6.04776,0.31296,338.57092,3.51291,7.0,1.53293,0.01116,18.77861056360835,105.6098227250375,18.77861056360835,105.6098227250375
564270.685682052,2077523.02176487,2.26184,6.05441,0.31459,455.13635,0.38129,5.0,0.20938,0.00866,18.78838378326916,105.60987246093855,18.78838378326916,105.60987246093855
564271.293015151,2078875.72335215,1.40431,7.33049,0.0,61.02482,16.84338,3.0,0.02916,0.0033,18.800608630117484,105.60992224577089,18.800608630117484,105.60992224577089
564274.343095605,2078392.05891218,1.25055,10.22638,1.17061,82.15718,9.8896,5.0,3.86669,0.00755,18.79623748258802,105.60993544432338,18.79623748258802,105.60993544432338
564275.648799492,2076810.27569585,1.42348,7.30067,0.63408,283.16602,3.22239,5.0,0.63071,0.01178,18.781942272640247,105.6098963712381,18.781942272640247,105.6098963712381
564276.180763139,2076198.66897458,0.97669,7.37368,0.54264,256.42227,4.81452,6.0,1.75177,0.01097,18.77641493044847,105.60988153243225,18.77641493044847,105.60988153243225
564276.95474924,2078193.70239473,1.15518,6.39113,0.35143,183.70905,6.35953,5.0,2.07065,0.00853,18.794444780432936,105.60995377055481,18.794444780432936,105.60995377055481
564280.770258427,2076227.0505262,0.85715,7.49333,0.53124,255.7406,4.87792,6.0,1.83278,0.01157,18.776671283423394,105.60992600055212,18.776671283423394,105.60992600055212
564285.947568467,2078910.77980165,0.45562,6.48637,0.0,64.7266,16.62056,3.0,0.0,0.00297,18.80092499360157,105.61006245042333,18.80092499360157,105.61006245042333
564292.773472411,2077141.5648799,0.65948,12.08682,1.93441,345.20853,2.43242,3.0,0.23018,0.01023,18.78493572874904,105.61006963386461,18.78493572874904,105.61006963386461
564295.848640655,2076507.25365251,0.70719,9.35871,1.02343,290.46948,4.12889,4.0,1.47212,0.01137,18.779203120347052,105.61007817811883,18.779203120347052,105.61007817811883
564300.129118735,2078130.16829973,1.64858,8.17152,0.78108,213.58688,6.12511,3.0,1.4684,0.00788,18.793869880802255,105.61017160512944,18.793869880802255,105.61017160512944
564300.15806609,2076267.89356426,1.58089,7.6596,0.59578,260.69815,5.33426,6.0,1.89203,0.0117,18.777039797294297,105.61011128172922,18.777039797294297,105.61011128172922
564304.771448578,2078258.0620831,1.91277,7.51086,0.46937,120.61089,8.41426,5.0,2.12601,0.00808,18.795025560316006,105.6102198206498,18.795025560316006,105.6102198206498
564305.030517619,2078284.37506435,1.4682,5.54499,0.29744,107.87766,8.96281,6.0,2.37624,0.00801,18.795263352416296,105.61022313578935,18.795263352416296,105.61022313578935
564306.255366639,2076795.81175581,1.11236,12.57754,2.05303,245.99893,4.21968,3.0,0.84442,0.01196,18.78181060823379,105.61018630692064,18.78181060823379,105.61018630692064
564307.569546169,2075833.60334068,1.34696,7.38539,0.0,122.04964,9.59999,4.0,0.30896,0.00624,18.773114718008426,105.61016747842305,18.773114718008426,105.61016747842305
564311.236195196,2076615.89978295,0.6383,11.12124,1.65893,238.79739,4.67541,5.0,1.15968,0.01225,18.78018452044118,105.61022771313665,18.78018452044118,105.61022771313665
564315.095340712,2078474.22239597,0.0,0.0,0.0,10.78777,12.14915,6.0,3.54621,0.00631,18.796978760534458,105.61032482520014,18.796978760534458,105.61032482520014
564316.274335923,2078384.44980812,1.24546,9.30186,1.20237,48.24436,10.81521,5.0,3.11415,0.00729,18.796167416054164,105.61033308896266,18.796167416054164,105.61033308896266
564329.285588576,2076575.57538408,1.02397,11.61164,1.67988,235.60838,5.15083,5.0,1.41473,0.0122,18.779819533967004,105.6103976582901,18.779819533967004,105.6103976582901
564329.691231731,2077347.65526676,1.18975,6.59821,0.34743,330.92255,2.12407,5.0,0.39877,0.00907,18.78679710116774,105.6104266386044,18.78679710116774,105.6104266386044
564330.935001309,2076377.53774545,1.74913,6.71214,0.5218,275.66913,5.68864,6.0,2.0551,0.01206,18.77802974048123,105.61040686378678,18.77802974048123,105.61040686378678
564333.000258575,2075935.79272962,1.60915,6.53494,0.36055,160.37167,9.54564,6.0,0.74761,0.00773,18.774037455520133,105.61041208615399,18.774037455520133,105.61041208615399
564333.877927218,2077292.37780209,1.18546,11.14782,1.54182,306.83563,2.70464,4.0,0.43803,0.00939,18.786297408027096,105.61046456484769,18.786297408027096,105.61046456484769
564342.566350563,2078287.05643036,1.47521,6.1307,0.34198,82.15718,10.09035,6.0,1.77065,0.00748,18.79528642049923,105.6105794048072,18.79528642049923,105.6105794048072
564344.489061032,2076534.49663175,1.06659,9.92766,1.19273,228.58868,6.03365,5.0,1.67978,0.01215,18.779447818197745,105.61054057544014,18.779447818197745,105.61054057544014
564346.52634369,2076829.46995746,1.04311,8.65915,0.99546,214.94472,5.58156,5.0,0.97512,0.01191,18.782113541898955,105.61056950810111,18.782113541898955,105.61056950810111
564370.847425577,2075859.81648423,2.50285,7.19356,0.0,91.53723,10.63309,4.0,0.28729,0.00679,18.773349655452943,105.61076870396708,18.773349655452943,105.61076870396708
564372.069107841,2078304.96487028,1.73354,5.33245,0.30396,44.4791,11.03616,7.0,1.42418,0.00708,18.795447349972886,105.61085994349777,18.795447349972886,105.61085994349777
564373.883638501,2077095.32556077,0.71668,8.49851,0.78021,271.62903,5.03933,5.0,0.76349,0.00992,18.784515331486055,105.61083774396624,18.784515331486055,105.61083774396624
564375.552408379,2076501.50474583,0.9399,8.33296,0.87665,222.13371,7.32286,6.0,1.95801,0.01232,18.77914869456483,105.6108342370482,18.77914869456483,105.6108342370482
564378.359042352,2078014.47265947,6.91214,6.05089,0.39782,260.69815,6.28408,3.0,0.37832,0.00599,18.792821869300063,105.61091016019492,18.792821869300063,105.61091016019492
564381.213560078,2077220.23832052,3.34498,5.16723,0.28018,258.9064,4.52305,7.0,0.57533,0.00882,18.785643987888623,105.610911363647,18.785643987888623,105.610911363647
564382.986670962,2077127.97775429,1.76579,9.26911,1.213,258.9064,5.16165,4.0,0.67971,0.0093,18.78481013926187,105.61092518196887,18.78481013926187,105.61092518196887
564383.048724851,2076453.48321542,0.27004,7.9529,0.78215,244.57558,7.47936,6.0,2.20287,0.01242,18.77871447302085,105.61090379966859,18.77871447302085,105.61090379966859
564383.28404107,2077601.94936989,1.17452,5.53941,0.27082,358.60196,2.64212,6.0,0.02974,0.00677,18.789093589843972,105.61094344791871,18.789093589843972,105.61094344791871
564384.719319716,2076352.71977858,1.44407,7.54482,0.57675,218.43562,7.73276,7.0,2.21301,0.01246,18.77780378325965,105.61091636893302,18.77780378325965,105.61091636893302
564388.121279042,2075946.16691753,1.75174,6.52374,0.39147,107.87766,10.44986,6.0,0.71356,0.00788,18.774129502257754,105.61093540785016,18.774129502257754,105.61093540785016
564388.300224533,2076590.81293659,1.56611,6.33454,0.33402,170.56956,7.44908,6.0,1.5081,0.0128,18.779955411472887,105.61095809993756,18.779955411472887,105.61095809993756
564392.557147471,2077463.83559156,2.46851,7.27444,0.54224,320.19864,3.47294,5.0,0.27524,0.00738,18.787845116042572,105.61102693672173,18.787845116042572,105.61102693672173
564400.362422524,2078307.61374052,0.0,0.0,0.0,15.25621,11.99303,6.0,1.02411,0.00669,18.79547041023075,105.61112850852325,18.79547041023075,105.61112850852325
564404.60854006,2075742.92612547,0.0,0.0,0.0,10.78777,11.40161,3.0,0.00005,0.0,18.772292224694354,105.6110852187177,18.772292224694354,105.6110852187177
564405.230460972,2076566.15412738,0.97832,5.58895,0.25789,167.47118,7.89258,7.0,1.73206,0.0129,18.779732035040663,105.61111793486499,18.779732035040663,105.61111793486499
564405.244113217,2077894.03629599,2.05661,5.29969,0.33367,313.58832,4.64901,5.0,0.38059,0.0059,18.791732606463093,105.61116134481551,18.791732606463093,105.61116134481551
564412.80944501,2078087.1813739,2.92314,7.20532,0.46365,178.56932,9.18426,6.0,0.77006,0.00583,18.793477895094462,105.61123943033307,18.793477895094462,105.61123943033307
564413.145719584,2076606.03689443,1.60167,5.74665,0.30503,143.92676,8.1644,7.0,1.56067,0.01284,18.78009222521562,105.61119433633506,18.78009222521562,105.61119433633506
564416.028274435,2077975.15751964,5.15523,10.68564,1.24558,286.63806,6.63961,-2.0,0.41286,0.00599,18.792465394109417,105.61126632029661,18.792465394109417,105.61126632029661
564420.925615885,2075814.79321244,1.05218,10.11204,0.0,24.12218,11.22993,2.0,0.12473,0.00647,18.772941209343116,105.6112423732775,18.772941209343116,105.6112423732775
564428.738954568,2076813.07344844,1.46027,9.34257,0.86605,140.24097,8.40979,5.0,1.29665,0.01209,18.78196280945462,105.61134903750522,18.78196280945462,105.61134903750522
564431.304883243,2077545.19268605,3.29186,9.36002,1.00157,327.56461,4.648,3.0,0.29716,0.00633,18.78857916740913,105.61139725530577,18.78857916740913,105.61139725530577
564434.742402094,2077581.58608042,4.50001,8.96921,0.8288,317.27774,4.49322,2.0,0.24115,0.00647,18.78890796133602,105.61143105996707,18.78890796133602,105.61143105996707
564436.299819324,2077783.80260973,3.09124,8.10952,0.78543,280.48193,4.21805,3.0,0.74409,0.00596,18.79073541907423,105.61145243375107,18.79073541907423,105.61145243375107
564446.176440105,2076622.21853161,1.8609,9.3791,0.74435,110.01406,9.144,5.0,1.4531,0.01245,18.78023743939559,105.611508267931,18.78023743939559,105.611508267931
564450.369154135,2077365.70669769,2.35763,7.69654,0.65387,228.58868,6.08257,5.0,0.64843,0.00769,18.786956493092447,105.6115722961598,18.786956493092447,105.6115722961598
564455.418579626,2076648.30002521,1.02226,9.79805,0.86974,96.48872,9.40235,5.0,1.3687,0.01251,18.780472860779955,105.61159681027823,18.780472860779955,105.61159681027823
564457.705375435,2078165.77816874,1.59234,7.52306,0.50169,92.17072,12.06289,6.0,0.95557,0.00609,18.794186808278287,105.61166801333623,18.794186808278287,105.61166801333623
564467.18192777,2077501.52700862,3.32418,9.62105,1.0321,281.31052,5.92877,4.0,0.70505,0.00666,18.78818342967593,105.61173625820076,18.78818342967593,105.61173625820076
564467.819444615,2077113.29231957,0.87324,5.85925,0.25923,172.94106,8.02619,7.0,1.14807,0.00981,18.784674787244395,105.61172964061069,18.784674787244395,105.61172964061069
564474.731903577,2077402.744997,2.67687,4.63935,0.2822,212.76802,6.66454,9.0,0.87356,0.00732,18.78729046504214,105.61180467420161,18.78729046504214,105.61180467420161
564474.984787552,2077132.32791687,0.85805,8.97245,0.82196,161.8165,8.19615,6.0,1.11467,0.00948,18.784846596457708,105.61179825014457,18.784846596457708,105.61179825014457
564475.018527755,2076384.01034011,1.51151,7.62431,0.48088,164.66811,10.5736,6.0,2.06796,0.01258,18.7780837650424,105.61177416010482,18.7780837650424,105.61177416010482
564475.436692897,2077614.6731364,2.93753,9.75766,1.03653,265.34396,5.87489,2.0,0.43495,0.00639,18.789205716884762,105.61181827782798,18.789205716884762,105.61181827782798
564480.678400921,2076310.30164082,0.46257,7.14476,0.41717,114.67553,10.6317,7.0,1.77498,0.01196,18.777417455427155,105.61182545777486,18.777417455427155,105.61182545777486
564482.307234544,2077517.91955305,2.93699,9.96771,1.20834,278.39963,6.59241,2.0,0.83315,0.00647,18.78833110510264,105.6118803128836,18.78833110510264,105.6118803128836
564483.354767127,2077862.22551756,2.19375,8.9928,1.15872,237.33086,7.42095,4.0,1.84783,0.00538,18.791442693540823,105.61190149134076,18.791442693540823,105.61190149134076
564484.209497857,2077214.02860223,0.77709,8.54228,0.6052,151.02873,7.96134,6.0,1.32342,0.00912,18.785584669609573,105.61188844512623,18.785584669609573,105.61188844512623
564490.146226802,2077704.56758674,1.67823,8.03189,0.58722,228.84308,5.9422,2.0,1.07221,0.00576,18.79001766918757,105.61196078774739,18.79001766918757,105.61196078774739
564496.651327144,2076248.29495271,1.40817,7.39352,0.60848,65.61942,11.05437,6.0,1.33001,0.01146,18.776856580914437,105.61197498783879,18.776856580914437,105.61197498783879
564497.17150093,2075886.94559466,0.0,0.0,0.0,0.0,11.01884,2.0,0.14381,0.0,18.773590911194777,105.61196813663548,18.773590911194777,105.61196813663548
564501.561106502,2077507.7456966,3.36585,8.04914,0.68514,254.60043,6.99022,4.0,0.95375,0.00642,18.788238561562327,105.61206267531485,18.788238561562327,105.61206267531485
564508.214489597,2076158.62386659,0.70284,7.69752,0.38978,21.57553,11.16541,6.0,0.93186,0.0105,18.77604582951447,105.61208177435216,18.77604582951447,105.61208177435216
564508.954535641,2076597.81116868,1.72735,7.40576,0.52434,55.00703,10.91861,6.0,1.48323,0.01226,18.78001491032198,105.61210312669253,18.78001491032198,105.61210312669253
564509.956740362,2077944.37369373,4.8045,5.97315,0.37077,218.16908,9.97695,7.0,1.97262,0.00483,18.79218426969449,105.61215659751002,18.79218426969449,105.61215659751002
564515.304769566,2076001.99768849,0.0,0.0,0.0,0.0,11.03841,4.0,0.30353,0.00834,18.774630118029382,105.61214393677469,18.774630118029382,105.61214393677469
564515.802556362,2077679.83642797,1.82003,8.91462,0.76332,211.94598,7.08551,3.0,1.23742,0.00605,18.78979336665427,105.61220342819736,18.78979336665427,105.61220342819736
564517.117545262,2077780.42435213,2.15009,4.64251,0.28234,194.17979,7.33542,7.0,1.83372,0.00533,18.790702376127783,105.6122191910144,18.790702376127783,105.6122191910144
564518.623018731,2078093.03833435,1.56905,7.26885,0.63805,151.02873,13.49152,6.0,1.84456,0.00508,18.79352753721817,105.61224368748073,18.79352753721817,105.61224368748073
564523.497528399,2076082.64831491,0.0,0.0,0.0,10.78777,11.1444,6.0,0.47421,0.0,18.775358734216415,105.61222430100871,18.775358734216415,105.61222430100871
564526.814095246,2076130.92133814,0.0,0.0,0.0,0.0,11.25672,6.0,0.57602,0.00988,18.775794893022404,105.61225734391938,18.775794893022404,105.61225734391938
564528.938373484,2078118.97060958,1.6702,5.34683,0.3383,118.66543,14.16645,7.0,1.60995,0.00492,18.793761575757514,105.61234241725255,18.793761575757514,105.61234241725255
564533.744040464,2077317.82654722,0.87854,7.69942,0.67587,133.4373,8.69012,6.0,1.48868,0.00782,18.786521190331467,105.6123618468178,18.786521190331467,105.6123618468178
564535.05996929,2077144.60870153,0.78351,6.72172,0.36719,107.87766,9.50601,7.0,1.24048,0.00923,18.78495571477406,105.61236867599422,18.78495571477406,105.61236867599422
564556.218097751,2077992.79987446,2.28978,8.12612,0.64955,188.40024,12.92379,4.0,3.01322,0.00414,18.792620475413962,105.61259715123306,18.792620475413962,105.61259715123306
564563.582215111,2077372.71296807,1.63834,8.61146,0.84852,129.90192,9.3291,4.0,1.60795,0.00702,18.787016291025857,105.61264676328236,18.787016291025857,105.61264676328236
564564.696611823,2076818.58176508,1.94632,6.99473,0.52099,21.57553,11.21051,5.0,0.83545,0.01087,18.782008364484494,105.61263923296671,18.782008364484494,105.61263923296671
564567.279383519,2078064.22472503,2.16765,6.48282,0.34615,167.47118,14.54655,6.0,2.55294,0.00419,18.793265623680114,105.61270444622018,18.793265623680114,105.61270444622018
564576.761170269,2077185.74579395,1.28508,6.01356,0.33759,64.7266,10.18301,7.0,1.40058,0.00899,18.78532618857002,105.6127657033749,18.78532618857002,105.6127657033749
564583.993571522,2077840.09961044,0.45762,8.68875,1.11338,129.4532,10.64796,5.0,3.01816,0.00396,18.791239602110206,105.6128557187267,18.791239602110206,105.6128557187267
564587.963357855,2076847.79569025,0.0,0.0,0.0,21.57553,11.3302,4.0,0.61209,0.01043,18.782271657707785,105.61286095098608,18.782271657707785,105.61286095098608
564591.07418542,2077460.49179043,0.59748,8.43264,0.63197,160.37167,9.8567,4.0,1.59523,0.00587,18.787808725140653,105.61291049438611,18.787808725140653,105.61291049438611
564591.887879846,2078165.77686372,1.43075,10.6196,0.0,65.61942,16.75247,3.0,1.95764,0.00411,18.794182621218734,105.61294127730595,18.794182621218734,105.61294127730595
564599.735028253,2078021.84058956,2.16278,9.23522,0.68909,160.37167,14.87235,4.0,3.46969,0.00396,18.792881571935762,105.61301103137193,18.792881571935762,105.61301103137193
564603.138536786,2076895.8682746,1.01727,8.69946,0.97399,21.57553,11.33904,5.0,0.48077,0.01028,18.782705635385412,105.6130065101712,18.782705635385412,105.6130065101712
564612.51121272,2076401.24338025,1.04103,9.52516,0.0,77.79169,11.96292,5.0,1.26119,0.01175,18.778235231003087,105.6130792737938,18.778235231003087,105.6130792737938
564616.71651527,2078131.71605926,1.15532,10.1673,0.0,97.0899,17.06198,4.0,2.51014,0.00375,18.79387402774906,105.61317576295187,18.79387402774906,105.61317576295187
564618.332913286,2077867.77769714,1.74946,7.20023,0.36122,97.0899,12.1342,3.0,3.53579,0.00351,18.791488669570974,105.61318246605839,18.791488669570974,105.61318246605839
564628.808172345,2077437.75179506,0.75615,8.91715,0.68207,114.67553,10.48165,4.0,1.70882,0.00598,18.787602040089464,105.61326779656682,18.787602040089464,105.61326779656682
564636.222471112,2077530.26274121,0.52984,9.87737,1.01587,122.99947,10.51323,4.0,1.47018,0.00499,18.788437864838446,105.61334117495649,18.788437864838446,105.61334117495649
564638.107309943,2078017.25488423,0.52925,5.72867,0.31006,116.1878,16.11752,5.0,3.91632,0.00377,18.79283893357979,105.61337499479829,18.79283893357979,105.61337499479829
564640.468697335,2076554.28362953,0.0,0.0,0.0,21.57553,11.98061,6.0,0.76007,0.0,18.779617443363147,105.61334954284231,18.779617443363147,105.61334954284231
564643.679321041,2078038.26383865,0.50643,7.81946,0.55753,120.61089,16.48235,5.0,3.6582,0.00333,18.7930286255157,105.61342855504323,18.7930286255157,105.61342855504323
564645.104167136,2077033.27173661,0.0,0.0,0.0,10.78777,11.0721,0.0,0.5713,0.00909,18.783946095103406,105.61340919140216,18.783946095103406,105.61340919140216
564645.374488233,2076417.33213006,1.04905,6.53441,0.0,53.93883,11.77203,6.0,1.02922,0.01126,18.77837960785344,105.61339161163342,18.77837960785344,105.61339161163342
564663.359332105,2077933.97641061,2.28227,9.16199,0.70457,68.22783,14.80338,4.0,4.08174,0.00315,18.792085528280722,105.61361188407338,18.792085528280722,105.61361188407338
564663.996087898,2078112.74971693,2.03256,8.06688,0.69691,118.66543,17.88346,5.0,2.60855,0.00342,18.793701148214893,105.6136237791142,18.793701148214893,105.6136237791142
564678.166283591,2076432.78574431,0.0,0.0,0.0,10.78777,11.36938,7.0,0.75957,0.01086,18.77851824643057,105.61370325099729,18.77851824643057,105.61370325099729
564691.318323175,2077473.12212597,1.15658,5.9607,0.30636,64.7266,11.07469,5.0,1.56692,0.00518,18.787919746443443,105.61386209321171,18.787919746443443,105.61386209321171
564706.819412118,2077408.7380734,0.0,0.0,0.0,34.11391,11.08716,5.0,1.4487,0.00556,18.78733740044845,105.61400706969576,18.78733740044845,105.61400706969576
564708.984526406,2077602.6552325,0.0,0.0,0.0,58.0939,11.10909,4.0,1.16359,0.00409,18.7890898339825,105.61403396498058,18.7890898339825,105.61403396498058
564712.218097529,2077993.15029961,0.0,0.0,0.0,38.89584,17.15507,4.0,3.65319,0.00283,18.79261878039206,105.61407743997434,18.79261878039206,105.61407743997434
564722.977737773,2077680.82912667,0.0,0.0,0.0,10.78777,11.15323,3.0,1.39751,0.00359,18.78979588367819,105.61416930430904,18.78979588367819,105.61416930430904
564746.166939794,2078124.02911227,2.49878,5.74925,0.0,38.89584,19.23319,6.0,2.24881,0.00245,18.79380052028678,105.61440386942822,18.79380052028678,105.61440386942822
